ID_POLIGONO,AREA_HA,RENDIMIENTO_T_HA,CONJUNTO
AGC_003,18.68,3.2325759190541548,PREDICCION
AGC_011,7.17,4.553883171676329,PREDICCION
AGC_016,7.47,4.294636553197619,PREDICCION
AGC_025,2.0,3.0698313528263714,PREDICCION
AGC_027,8.46,3.1169133138572396,PREDICCION
AGC_028,1.86,4.534635661193565,PREDICCION
AGC_029,5.9,3.1012229394050688,PREDICCION
AGC_030,13.05,3.1061699016035096,PREDICCION
AGC_031,1.98,4.470584125387844,PREDICCION
AGC_036,5.0,4.340037641965042,PREDICCION
AGC_039,7.71,2.884333264652621,PREDICCION
AGC_042,3.81,3.1809186687420494,PREDICCION
AGC_043,7.15,4.310730747492716,PREDICCION
AGC_050,2.42,2.9402192649016987,PREDICCION
AGC_052,6.23,4.42423714638478,PREDICCION
AGC_061,7.23,3.003111544415232,PREDICCION
AGC_063,12.54,3.9889029431147915,PREDICCION
AGC_065,60.88,4.336256493062951,PREDICCION
AGC_071,5.21,2.970496305283332,PREDICCION
AGC_075,3.9,2.9146757558360443,PREDICCION
AGC_076,1.01,4.389667056914731,PREDICCION
AGC_082,2.77,4.400598978922196,PREDICCION
AGC_085,5.5,4.254486965431313,PREDICCION
AGC_086,4.73,3.0288039907810558,PREDICCION
AGC_087,5.66,2.910742981556213,PREDICCION
AGC_088,5.91,4.378954492065202,PREDICCION
AGC_091,0.35,4.689234558786087,PREDICCION
AGC_093,3.71,2.9372761828977896,PREDICCION
AGC_094,3.63,4.264785987604672,PREDICCION
AGC_095,1.33,4.551438689306263,PREDICCION
AGC_107,2.63,4.5032782600978205,PREDICCION
AGC_113,10.58,3.137414726260013,PREDICCION
AGC_116,7.43,4.502686526597127,PREDICCION
AGC_118,4.42,3.0164393460798253,PREDICCION
AGC_120,7.47,3.151802098566756,PREDICCION
AGC_126,5.75,4.373638727072087,PREDICCION
AGC_128,6.15,4.410541867811016,PREDICCION
AGC_129,8.16,3.2766842396112956,PREDICCION
AGC_130,12.1,4.3970110065933,PREDICCION
AGC_136,1.69,4.4062505117333135,PREDICCION
AGC_142,1.29,4.724419741471023,PREDICCION
AGC_143,11.48,4.523022708230569,PREDICCION
AGC_147,6.8,3.1305859321059155,PREDICCION
AGC_149,8.99,4.4737184066347995,PREDICCION
AGC_153,1.99,4.348272974737861,PREDICCION
AGC_154,1.49,4.169149371247242,PREDICCION
AGC_156,8.2,3.1419314464892447,PREDICCION
AGC_158,11.22,4.260521218483382,PREDICCION
AGC_173,3.6,3.0691794093848412,PREDICCION
AGC_174,6.89,4.463313196707948,PREDICCION
AGC_175,1.41,4.411801702100544,PREDICCION
AGC_177,5.66,4.38283337559081,PREDICCION
AGC_182,4.13,4.561270152805686,PREDICCION
AGC_183,7.85,3.1010421299425497,PREDICCION
AGC_186,11.7,4.314048141612003,PREDICCION
AGC_188,2.34,4.537899442802916,PREDICCION
AGC_190,5.01,4.425905792449367,PREDICCION
AGC_191,1.75,4.7857305194108015,PREDICCION
AGC_192,2.14,4.638582198714746,PREDICCION
