ID_POLIGONO,Real_Ton_Ha,Prediccion_Ton_Ha,GRUPO
AGC_001,3.5,3.209435404610273,ENTRENAMIENTO (Histórico)
AGC_002,4.63,4.462518100990507,ENTRENAMIENTO (Histórico)
AGC_003,,3.2325759190541548,PREDICCION OFICIAL FIRA
AGC_004,3.0,2.967027022555041,ENTRENAMIENTO (Histórico)
AGC_005,5.16,4.7269783126192735,ENTRENAMIENTO (Histórico)
AGC_006,4.49,4.430884848397753,ENTRENAMIENTO (Histórico)
AGC_007,3.5,3.3311431050197484,ENTRENAMIENTO (Histórico)
AGC_008,4.55,4.510927421507625,ENTRENAMIENTO (Histórico)
AGC_009,4.79,4.6847988875174345,ENTRENAMIENTO (Histórico)
AGC_010,4.1,4.297112341801708,ENTRENAMIENTO (Histórico)
AGC_011,,4.553883171676329,PREDICCION OFICIAL FIRA
AGC_012,4.69,4.657083212585912,ENTRENAMIENTO (Histórico)
AGC_013,4.01,4.149160024193926,ENTRENAMIENTO (Histórico)
AGC_014,4.83,4.4882112905641725,ENTRENAMIENTO (Histórico)
AGC_015,2.64,3.811742000567464,ENTRENAMIENTO (Histórico)
AGC_016,,4.294636553197619,PREDICCION OFICIAL FIRA
AGC_017,4.98,4.685777397755997,ENTRENAMIENTO (Histórico)
AGC_018,4.49,4.4987800982873125,ENTRENAMIENTO (Histórico)
AGC_019,3.0,2.947990431873613,ENTRENAMIENTO (Histórico)
AGC_020,3.5,3.323698040654507,ENTRENAMIENTO (Histórico)
AGC_021,4.94,4.607853072204661,ENTRENAMIENTO (Histórico)
AGC_022,4.55,4.434797726486608,ENTRENAMIENTO (Histórico)
AGC_023,3.0,3.0614556968218616,ENTRENAMIENTO (Histórico)
AGC_024,3.03,3.7733921178411913,ENTRENAMIENTO (Histórico)
AGC_025,,3.0698313528263714,PREDICCION OFICIAL FIRA
AGC_026,3.55,3.6477734755820572,ENTRENAMIENTO (Histórico)
AGC_027,,3.1169133138572396,PREDICCION OFICIAL FIRA
AGC_028,,4.534635661193565,PREDICCION OFICIAL FIRA
AGC_029,,3.1012229394050688,PREDICCION OFICIAL FIRA
AGC_030,,3.1061699016035096,PREDICCION OFICIAL FIRA
AGC_031,,4.470584125387844,PREDICCION OFICIAL FIRA
AGC_032,4.03,4.318497416576666,ENTRENAMIENTO (Histórico)
AGC_033,4.47,4.5505245479588305,ENTRENAMIENTO (Histórico)
AGC_034,2.0,2.4948460452368795,ENTRENAMIENTO (Histórico)
AGC_035,4.68,4.3982400832562965,ENTRENAMIENTO (Histórico)
AGC_036,,4.340037641965042,PREDICCION OFICIAL FIRA
AGC_037,3.5,3.1935142103065117,ENTRENAMIENTO (Histórico)
AGC_038,3.3,3.2531795726407866,ENTRENAMIENTO (Histórico)
AGC_039,,2.884333264652621,PREDICCION OFICIAL FIRA
AGC_040,3.0,3.01798196200772,ENTRENAMIENTO (Histórico)
AGC_041,2.5,2.6284532131467238,ENTRENAMIENTO (Histórico)
AGC_042,,3.1809186687420494,PREDICCION OFICIAL FIRA
AGC_043,,4.310730747492716,PREDICCION OFICIAL FIRA
AGC_044,3.5,3.2382456282043908,ENTRENAMIENTO (Histórico)
AGC_045,4.1,4.4397034597947584,ENTRENAMIENTO (Histórico)
AGC_046,3.0,3.043436728601344,ENTRENAMIENTO (Histórico)
AGC_047,4.45,4.465607092522602,ENTRENAMIENTO (Histórico)
AGC_048,2.5,2.7127235777955763,ENTRENAMIENTO (Histórico)
AGC_049,5.53,5.159202954359309,ENTRENAMIENTO (Histórico)
AGC_050,,2.9402192649016987,PREDICCION OFICIAL FIRA
AGC_051,4.45,4.400586015946021,ENTRENAMIENTO (Histórico)
AGC_052,,4.42423714638478,PREDICCION OFICIAL FIRA
AGC_053,3.5,3.314470651750596,ENTRENAMIENTO (Histórico)
AGC_054,2.5,2.644322507107017,ENTRENAMIENTO (Histórico)
AGC_055,5.45,4.983118175236362,ENTRENAMIENTO (Histórico)
AGC_056,5.07,4.7629226084353915,ENTRENAMIENTO (Histórico)
AGC_057,4.55,4.748603249549954,ENTRENAMIENTO (Histórico)
AGC_058,2.5,2.810664844378868,ENTRENAMIENTO (Histórico)
AGC_059,4.41,4.377803182515741,ENTRENAMIENTO (Histórico)
AGC_060,4.52,4.664517972383414,ENTRENAMIENTO (Histórico)
AGC_061,,3.003111544415232,PREDICCION OFICIAL FIRA
AGC_062,3.81,4.188729163334793,ENTRENAMIENTO (Histórico)
AGC_063,,3.9889029431147915,PREDICCION OFICIAL FIRA
AGC_064,4.51,4.5899046625588475,ENTRENAMIENTO (Histórico)
AGC_065,,4.336256493062951,PREDICCION OFICIAL FIRA
AGC_066,3.0,2.993987474921117,ENTRENAMIENTO (Histórico)
AGC_067,3.0,3.1776635354740224,ENTRENAMIENTO (Histórico)
AGC_068,2.5,2.755456941231096,ENTRENAMIENTO (Histórico)
AGC_069,5.46,5.0335444011329615,ENTRENAMIENTO (Histórico)
AGC_070,3.3,3.1753474711668552,ENTRENAMIENTO (Histórico)
AGC_071,,2.970496305283332,PREDICCION OFICIAL FIRA
AGC_072,4.55,4.405650599890385,ENTRENAMIENTO (Histórico)
AGC_073,4.3,4.364670364398767,ENTRENAMIENTO (Histórico)
AGC_074,2.5,2.816836197492988,ENTRENAMIENTO (Histórico)
AGC_075,,2.9146757558360443,PREDICCION OFICIAL FIRA
AGC_076,,4.389667056914731,PREDICCION OFICIAL FIRA
AGC_077,4.76,4.57585015830349,ENTRENAMIENTO (Histórico)
AGC_078,3.0,3.1302450133838966,ENTRENAMIENTO (Histórico)
AGC_079,3.3,3.2572592225935026,ENTRENAMIENTO (Histórico)
AGC_080,3.5,3.2863283696566628,ENTRENAMIENTO (Histórico)
AGC_081,3.7,3.386777693091962,ENTRENAMIENTO (Histórico)
AGC_082,,4.400598978922196,PREDICCION OFICIAL FIRA
AGC_083,4.61,4.5123136107748145,ENTRENAMIENTO (Histórico)
AGC_084,4.54,4.4839624783509,ENTRENAMIENTO (Histórico)
AGC_085,,4.254486965431313,PREDICCION OFICIAL FIRA
AGC_086,,3.0288039907810558,PREDICCION OFICIAL FIRA
AGC_087,,2.910742981556213,PREDICCION OFICIAL FIRA
AGC_088,,4.378954492065202,PREDICCION OFICIAL FIRA
AGC_089,3.0,3.087679957425873,ENTRENAMIENTO (Histórico)
AGC_090,4.68,4.502073747150146,ENTRENAMIENTO (Histórico)
AGC_091,,4.689234558786087,PREDICCION OFICIAL FIRA
AGC_092,4.57,4.6702842646271145,ENTRENAMIENTO (Histórico)
AGC_093,,2.9372761828977896,PREDICCION OFICIAL FIRA
AGC_094,,4.264785987604672,PREDICCION OFICIAL FIRA
AGC_095,,4.551438689306263,PREDICCION OFICIAL FIRA
AGC_096,4.59,4.459413986990236,ENTRENAMIENTO (Histórico)
AGC_097,4.69,4.495367618591703,ENTRENAMIENTO (Histórico)
AGC_098,3.0,3.038001409328316,ENTRENAMIENTO (Histórico)
AGC_099,3.5,3.313389165456398,ENTRENAMIENTO (Histórico)
AGC_100,4.5,4.529901398708744,ENTRENAMIENTO (Histórico)
AGC_101,4.57,4.456384716724172,ENTRENAMIENTO (Histórico)
AGC_102,4.4,4.477178602350591,ENTRENAMIENTO (Histórico)
AGC_103,3.0,3.0972186974122016,ENTRENAMIENTO (Histórico)
AGC_104,4.56,4.430531054820565,ENTRENAMIENTO (Histórico)
AGC_105,4.41,4.414955480561722,ENTRENAMIENTO (Histórico)
AGC_106,4.43,4.379103693150506,ENTRENAMIENTO (Histórico)
AGC_107,,4.5032782600978205,PREDICCION OFICIAL FIRA
AGC_108,4.51,4.463203237926549,ENTRENAMIENTO (Histórico)
AGC_109,4.54,4.4620089467024595,ENTRENAMIENTO (Histórico)
AGC_110,4.18,4.297908980582314,ENTRENAMIENTO (Histórico)
AGC_111,4.72,4.397688542986281,ENTRENAMIENTO (Histórico)
AGC_112,3.0,3.0399466905514685,ENTRENAMIENTO (Histórico)
AGC_113,,3.137414726260013,PREDICCION OFICIAL FIRA
AGC_114,3.0,2.9666498845544154,ENTRENAMIENTO (Histórico)
AGC_115,4.6,4.431308627681694,ENTRENAMIENTO (Histórico)
AGC_116,,4.502686526597127,PREDICCION OFICIAL FIRA
AGC_117,3.5,3.3297872250141194,ENTRENAMIENTO (Histórico)
AGC_118,,3.0164393460798253,PREDICCION OFICIAL FIRA
AGC_119,4.4,4.501487058650736,ENTRENAMIENTO (Histórico)
AGC_120,,3.151802098566756,PREDICCION OFICIAL FIRA
AGC_121,3.3,3.2021531663776552,ENTRENAMIENTO (Histórico)
AGC_122,3.5,3.2518950989591664,ENTRENAMIENTO (Histórico)
AGC_123,2.5,2.5894442604959544,ENTRENAMIENTO (Histórico)
AGC_124,5.05,4.854002720797459,ENTRENAMIENTO (Histórico)
AGC_125,4.06,4.2927125187363435,ENTRENAMIENTO (Histórico)
AGC_126,,4.373638727072087,PREDICCION OFICIAL FIRA
AGC_127,5.57,5.137664858680068,ENTRENAMIENTO (Histórico)
AGC_128,,4.410541867811016,PREDICCION OFICIAL FIRA
AGC_129,,3.2766842396112956,PREDICCION OFICIAL FIRA
AGC_130,,4.3970110065933,PREDICCION OFICIAL FIRA
AGC_131,4.89,4.655497397960885,ENTRENAMIENTO (Histórico)
AGC_132,4.13,4.339983596395364,ENTRENAMIENTO (Histórico)
AGC_133,3.91,4.195564644927188,ENTRENAMIENTO (Histórico)
AGC_134,4.52,4.539311367513971,ENTRENAMIENTO (Histórico)
AGC_135,4.49,4.613679247667431,ENTRENAMIENTO (Histórico)
AGC_136,,4.4062505117333135,PREDICCION OFICIAL FIRA
AGC_137,4.54,4.536704093474561,ENTRENAMIENTO (Histórico)
AGC_138,2.5,2.703537040822532,ENTRENAMIENTO (Histórico)
AGC_139,4.67,4.447944464736466,ENTRENAMIENTO (Histórico)
AGC_140,3.2,3.188492831453635,ENTRENAMIENTO (Histórico)
AGC_141,3.5,3.2491005421778825,ENTRENAMIENTO (Histórico)
AGC_142,,4.724419741471023,PREDICCION OFICIAL FIRA
AGC_143,,4.523022708230569,PREDICCION OFICIAL FIRA
AGC_144,2.5,2.7547543004264656,ENTRENAMIENTO (Histórico)
AGC_145,3.5,3.228873804286511,ENTRENAMIENTO (Histórico)
AGC_146,4.58,4.618002135574823,ENTRENAMIENTO (Histórico)
AGC_147,,3.1305859321059155,PREDICCION OFICIAL FIRA
AGC_148,3.0,3.076783093442346,ENTRENAMIENTO (Histórico)
AGC_149,,4.4737184066347995,PREDICCION OFICIAL FIRA
AGC_150,4.52,4.463250867813559,ENTRENAMIENTO (Histórico)
AGC_151,4.69,4.556433266114158,ENTRENAMIENTO (Histórico)
AGC_152,4.87,4.650585477286451,ENTRENAMIENTO (Histórico)
AGC_153,,4.348272974737861,PREDICCION OFICIAL FIRA
AGC_154,,4.169149371247242,PREDICCION OFICIAL FIRA
AGC_155,4.52,4.598234023851861,ENTRENAMIENTO (Histórico)
AGC_156,,3.1419314464892447,PREDICCION OFICIAL FIRA
AGC_157,3.0,3.0312751257071513,ENTRENAMIENTO (Histórico)
AGC_158,,4.260521218483382,PREDICCION OFICIAL FIRA
AGC_159,4.77,4.520839010364945,ENTRENAMIENTO (Histórico)
AGC_160,3.62,4.002255532960162,ENTRENAMIENTO (Histórico)
AGC_161,4.46,4.517715540081652,ENTRENAMIENTO (Histórico)
AGC_162,5.59,5.0719527041897505,ENTRENAMIENTO (Histórico)
AGC_163,3.0,3.024522606003789,ENTRENAMIENTO (Histórico)
AGC_164,3.0,3.0058825040714057,ENTRENAMIENTO (Histórico)
AGC_165,4.44,4.466845434352756,ENTRENAMIENTO (Histórico)
AGC_166,2.5,3.11377703646177,ENTRENAMIENTO (Histórico)
AGC_167,4.54,4.449226193977534,ENTRENAMIENTO (Histórico)
AGC_168,4.49,4.527793925408682,ENTRENAMIENTO (Histórico)
AGC_169,2.5,2.717323507460054,ENTRENAMIENTO (Histórico)
AGC_170,3.0,3.0691746384994163,ENTRENAMIENTO (Histórico)
AGC_171,2.15,3.545163765969289,ENTRENAMIENTO (Histórico)
AGC_172,5.19,4.88272746810263,ENTRENAMIENTO (Histórico)
AGC_173,,3.0691794093848412,PREDICCION OFICIAL FIRA
AGC_174,,4.463313196707948,PREDICCION OFICIAL FIRA
AGC_175,,4.411801702100544,PREDICCION OFICIAL FIRA
AGC_176,4.38,4.4525673191993285,ENTRENAMIENTO (Histórico)
AGC_177,,4.38283337559081,PREDICCION OFICIAL FIRA
AGC_178,4.39,4.484515124642116,ENTRENAMIENTO (Histórico)
AGC_179,4.55,4.443294222270173,ENTRENAMIENTO (Histórico)
AGC_180,4.14,4.390615033623093,ENTRENAMIENTO (Histórico)
AGC_181,4.51,4.266082930272043,ENTRENAMIENTO (Histórico)
AGC_182,,4.561270152805686,PREDICCION OFICIAL FIRA
AGC_183,,3.1010421299425497,PREDICCION OFICIAL FIRA
AGC_184,4.47,4.46936645985436,ENTRENAMIENTO (Histórico)
AGC_185,5.01,4.638503571578362,ENTRENAMIENTO (Histórico)
AGC_186,,4.314048141612003,PREDICCION OFICIAL FIRA
AGC_187,3.0,2.9774151209899675,ENTRENAMIENTO (Histórico)
AGC_188,,4.537899442802916,PREDICCION OFICIAL FIRA
AGC_189,4.03,4.370365239999559,ENTRENAMIENTO (Histórico)
AGC_190,,4.425905792449367,PREDICCION OFICIAL FIRA
AGC_191,,4.7857305194108015,PREDICCION OFICIAL FIRA
AGC_192,,4.638582198714746,PREDICCION OFICIAL FIRA
AGC_193,4.57,4.532750914228812,ENTRENAMIENTO (Histórico)
AGC_194,3.2,3.1680799308334557,ENTRENAMIENTO (Histórico)
AGC_195,3.68,4.054725294634211,ENTRENAMIENTO (Histórico)
AGC_196,3.5,3.457552936933072,ENTRENAMIENTO (Histórico)
AGC_197,4.52,4.255255601664157,ENTRENAMIENTO (Histórico)
