ID_POLIGONO,AREA_HA,RENDIMIENTO_T_HA,CONJUNTO
AGC_003,18.68,2.67,PREDICCION
AGC_011,7.17,4.612944444444446,PREDICCION
AGC_016,7.47,4.46367361111111,PREDICCION
AGC_025,2.0,2.7815,PREDICCION
AGC_027,8.46,2.7929999999999997,PREDICCION
AGC_028,1.86,4.530847435897435,PREDICCION
AGC_029,5.9,2.7754999999999996,PREDICCION
AGC_030,13.05,2.7495,PREDICCION
AGC_031,1.98,4.440259935897434,PREDICCION
AGC_036,5.0,4.4664543803418795,PREDICCION
AGC_039,7.71,2.7654999999999994,PREDICCION
AGC_042,3.81,2.7284999999999995,PREDICCION
AGC_043,7.15,4.460173611111111,PREDICCION
AGC_050,2.42,2.7689999999999997,PREDICCION
AGC_052,6.23,4.579361111111111,PREDICCION
AGC_061,7.23,2.7379999999999995,PREDICCION
AGC_063,12.54,4.46672361111111,PREDICCION
AGC_065,60.88,4.546761111111112,PREDICCION
AGC_071,5.21,2.8004999999999995,PREDICCION
AGC_075,3.9,2.7939999999999996,PREDICCION
AGC_076,1.01,4.606730769230769,PREDICCION
AGC_082,2.77,4.557397435897437,PREDICCION
AGC_085,5.5,4.46260438034188,PREDICCION
AGC_086,4.73,2.79,PREDICCION
AGC_087,5.66,2.7694999999999994,PREDICCION
AGC_088,5.91,4.574075213675215,PREDICCION
AGC_091,0.35,4.592980769230769,PREDICCION
AGC_093,3.71,2.7914999999999996,PREDICCION
AGC_094,3.63,4.5401877136752145,PREDICCION
AGC_095,1.33,4.608630769230769,PREDICCION
AGC_107,2.63,4.4776791666666655,PREDICCION
AGC_113,10.58,2.6679999999999997,PREDICCION
AGC_116,7.43,4.4585236111111115,PREDICCION
AGC_118,4.42,2.8367499999999994,PREDICCION
AGC_120,7.47,2.7679999999999993,PREDICCION
AGC_126,5.75,4.551825213675214,PREDICCION
AGC_128,6.15,4.500211111111112,PREDICCION
AGC_129,8.16,2.6790000000000003,PREDICCION
AGC_130,12.1,4.571811111111111,PREDICCION
AGC_136,1.69,4.443393269230769,PREDICCION
AGC_142,1.29,4.610630769230768,PREDICCION
AGC_143,11.48,4.505461111111111,PREDICCION
AGC_147,6.8,2.7629999999999995,PREDICCION
AGC_149,8.99,4.55031111111111,PREDICCION
AGC_153,1.99,4.447393269230768,PREDICCION
AGC_154,1.49,4.5740474358974375,PREDICCION
AGC_156,8.2,2.7575,PREDICCION
AGC_158,11.22,4.469173611111111,PREDICCION
AGC_173,3.6,2.775,PREDICCION
AGC_174,6.89,4.521066666666667,PREDICCION
AGC_175,1.41,4.5709307692307695,PREDICCION
AGC_177,5.66,4.47010438034188,PREDICCION
AGC_182,4.13,4.599791880341882,PREDICCION
AGC_183,7.85,2.7879999999999994,PREDICCION
AGC_186,11.7,4.457179166666666,PREDICCION
AGC_188,2.34,4.61918076923077,PREDICCION
AGC_190,5.01,4.586975213675214,PREDICCION
AGC_191,1.75,4.542397435897435,PREDICCION
AGC_192,2.14,4.559380769230768,PREDICCION
