ID_POLIGONO,elevacion,pendiente,lluvia_mes_4,tmax_mes_4,tmin_mes_4,lluvia_mes_5,tmax_mes_5,tmin_mes_5,lluvia_mes_6,tmax_mes_6,tmin_mes_6,lluvia_mes_7,tmax_mes_7,tmin_mes_7,lluvia_mes_8,tmax_mes_8,tmin_mes_8,lluvia_mes_9,tmax_mes_9,tmin_mes_9,lluvia_mes_10,tmax_mes_10,tmin_mes_10
AGC_196,2544.769230769231,1.6327497042142427,12.889827728271484,26.21183967590332,9.378259658813477,127.91255950927734,26.14002227783203,12.814671516418457,218.760009765625,22.95329475402832,14.412346839904785,101.9616470336914,23.353057861328125,12.776765823364258,114.70691680908203,23.916933059692383,13.081705093383789,153.162109375,23.14562225341797,13.282686233520508,70.0643310546875,22.338781356811523,10.48940658569336
AGC_044,2530.0,0.43084104855855304,14.67236328125,26.218185424804688,9.388641357421875,157.26573181152344,26.006689071655273,12.813838005065918,216.9637908935547,22.88725471496582,14.308533668518066,112.65020751953125,23.278505325317383,12.634757041931152,104.73558807373047,23.791858673095703,12.918638229370117,157.4646453857422,23.057373046875,13.153816223144531,70.7253189086914,22.307405471801758,10.35520076751709
AGC_020,2529.090909090909,0.5112224817276001,14.67236328125,26.218185424804688,9.388641357421875,157.26573181152344,26.006689071655273,12.813838005065918,216.9637908935547,22.88725471496582,14.308533668518066,112.65020751953125,23.278505325317383,12.634757041931152,104.73558807373047,23.791858673095703,12.918638229370117,157.4646453857422,23.057373046875,13.153816223144531,70.7253189086914,22.307405471801758,10.35520076751709
AGC_174,2546.5454545454545,2.5824357813054863,12.28690242767334,25.92369842529297,11.124916076660156,121.7020263671875,26.518043518066406,14.117193222045898,272.2285461425781,22.842639923095703,15.156193733215332,171.03167724609375,23.1964111328125,13.751565933227539,157.57608032226562,23.867597579956055,13.870458602905273,180.20050048828125,22.816394805908203,13.88790512084961,136.65188598632812,22.043081283569336,11.374458312988281
AGC_083,2563.25,2.117744207382202,11.679719924926758,25.888519287109375,11.312884330749512,126.60689544677734,26.40804100036621,14.225541114807129,237.6761016845703,22.74112319946289,15.124446868896484,151.6535186767578,23.055788040161133,13.6774263381958,136.45851135253906,23.75454330444336,13.793819427490234,147.45968627929688,22.675418853759766,13.821392059326172,149.81637573242188,21.941648483276367,11.342263221740723
AGC_149,2649.5,7.468832227918837,11.750434875488281,25.863101959228516,11.67517375946045,124.37660217285156,26.427879333496094,14.473267555236816,257.7463684082031,22.663188934326172,15.209744453430176,169.59921264648438,22.961748123168945,13.812332153320312,146.44175720214844,23.673967361450195,13.90107536315918,168.99099731445312,22.57275390625,13.876060485839844,167.59825134277344,21.835689544677734,11.44434928894043
AGC_052,2630.818181818182,6.797589388760653,11.750434875488281,25.863101959228516,11.67517375946045,124.37660217285156,26.427879333496094,14.473267555236816,257.7463684082031,22.663188934326172,15.209744453430176,169.59921264648438,22.961748123168945,13.812332153320312,146.44175720214844,23.673967361450195,13.90107536315918,168.99099731445312,22.57275390625,13.876060485839844,167.59825134277344,21.835689544677734,11.44434928894043
AGC_009,2646.75,7.295655250549316,11.750434875488281,25.863101959228516,11.67517375946045,124.37660217285156,26.427879333496094,14.473267555236816,257.7463684082031,22.663188934326172,15.209744453430176,169.59921264648438,22.961748123168945,13.812332153320312,146.44175720214844,23.673967361450195,13.90107536315918,168.99099731445312,22.57275390625,13.876060485839844,167.59825134277344,21.835689544677734,11.44434928894043
AGC_119,2644.3333333333335,7.584344228108724,11.750434875488281,25.863101959228516,11.67517375946045,124.37660217285156,26.427879333496094,14.473267555236816,257.7463684082031,22.663188934326172,15.209744453430176,169.59921264648438,22.961748123168945,13.812332153320312,146.44175720214844,23.673967361450195,13.90107536315918,168.99099731445312,22.57275390625,13.876060485839844,167.59825134277344,21.835689544677734,11.44434928894043
AGC_064,2655.5555555555557,5.8054004245334205,11.750434875488281,25.863101959228516,11.67517375946045,124.37660217285156,26.427879333496094,14.473267555236816,257.7463684082031,22.663188934326172,15.209744453430176,169.59921264648438,22.961748123168945,13.812332153320312,146.44175720214844,23.673967361450195,13.90107536315918,168.99099731445312,22.57275390625,13.876060485839844,167.59825134277344,21.835689544677734,11.44434928894043
AGC_130,2650.1875,6.017149925231934,11.750434875488281,25.863101959228516,11.67517375946045,124.37660217285156,26.427879333496094,14.473267555236816,257.7463684082031,22.663188934326172,15.209744453430176,169.59921264648438,22.961748123168945,13.812332153320312,146.44175720214844,23.673967361450195,13.90107536315918,168.99099731445312,22.57275390625,13.876060485839844,167.59825134277344,21.835689544677734,11.44434928894043
AGC_035,2527.655172413793,0.28264861271299163,10.394975662231445,25.959518432617188,10.601058006286621,124.1618423461914,26.548486709594727,13.741793632507324,257.29644775390625,22.937654495239258,15.034258842468262,148.00022888183594,23.321727752685547,13.603897094726562,130.30201721191406,23.946495056152344,13.741324424743652,160.69252014160156,22.94049835205078,13.792204856872559,114.45503234863281,22.149385452270508,11.225954055786133
AGC_047,2527.7704918032787,0.5112015771084144,9.508861541748047,25.92621421813965,10.28238582611084,101.84849548339844,26.406137466430664,13.452353477478027,219.0658416748047,22.806066513061523,14.771559715270996,133.76560974121094,23.16933822631836,13.267457008361816,112.73599243164062,23.77663803100586,13.416099548339844,135.3096923828125,22.78646469116211,13.504810333251953,92.9348373413086,22.032855987548828,10.946321487426758
AGC_084,2687.9,4.343194961547852,11.267823219299316,25.79962921142578,10.642416000366211,110.33572387695312,26.170799255371094,13.64646053314209,230.3029327392578,22.43973731994629,14.578227043151855,137.0375518798828,22.70974349975586,12.987960815429688,118.82953643798828,23.374614715576172,13.132158279418945,132.1764373779297,22.33202362060547,13.242021560668945,125.840087890625,21.653724670410156,10.742265701293945
AGC_151,2735.2105263157896,7.207755640933388,10.784870147705078,25.734270095825195,10.383199691772461,102.92899322509766,26.032791137695312,13.394511222839355,223.95997619628906,22.21957015991211,14.276446342468262,132.6731719970703,22.45353126525879,12.61727237701416,112.41767120361328,23.10335922241211,12.766988754272461,123.5699234008789,22.075448989868164,12.906787872314453,114.97822570800781,21.430334091186523,10.414854049682617
AGC_137,2721.7297297297296,4.223254229571368,10.784870147705078,25.734270095825195,10.383199691772461,102.92899322509766,26.032791137695312,13.394511222839355,223.95997619628906,22.21957015991211,14.276446342468262,132.6731719970703,22.45353126525879,12.61727237701416,112.41767120361328,23.10335922241211,12.766988754272461,123.5699234008789,22.075448989868164,12.906787872314453,114.97822570800781,21.430334091186523,10.414854049682617
AGC_152,2762.0,4.896717071533203,10.784870147705078,25.734270095825195,10.383199691772461,102.92899322509766,26.032791137695312,13.394511222839355,223.95997619628906,22.21957015991211,14.276446342468262,132.6731719970703,22.45353126525879,12.61727237701416,112.41767120361328,23.10335922241211,12.766988754272461,123.5699234008789,22.075448989868164,12.906787872314453,114.97822570800781,21.430334091186523,10.414854049682617
AGC_051,2745.1111111111113,4.346897972954644,10.143831253051758,25.77179527282715,10.027284622192383,99.80654907226562,26.028034210205078,13.135833740234375,194.99282836914062,22.277626037597656,14.174415588378906,113.28984832763672,22.546894073486328,12.507055282592773,95.68647766113281,23.14628028869629,12.654998779296875,119.4366226196289,22.171688079833984,12.820541381835938,97.23883819580078,21.519851684570312,10.300765991210938
AGC_107,2630.2,0.7750041961669922,11.750776290893555,25.864990234375,10.901631355285645,117.7424545288086,26.308805465698242,13.898409843444824,236.64588928222656,22.65990447998047,14.88000774383545,141.4019317626953,22.965957641601562,13.358649253845215,125.24140167236328,23.645872116088867,13.49732780456543,140.78294372558594,22.588600158691406,13.577255249023438,136.7019500732422,21.87711524963379,11.069676399230957
AGC_065,2735.616666666667,1.9585267384847005,10.171884536743164,25.79817771911621,10.15804386138916,102.26563262939453,26.12598419189453,13.256396293640137,207.35818481445312,22.393863677978516,14.339489936828613,120.25041198730469,22.677114486694336,12.716031074523926,97.00401306152344,23.298173904418945,12.872035026550293,122.55863189697266,22.29952049255371,13.007684707641602,98.06340026855469,21.621843338012695,10.48929214477539
AGC_059,2646.0,4.150890350341797,11.267823219299316,25.79962921142578,10.642416000366211,110.33572387695312,26.170799255371094,13.64646053314209,230.3029327392578,22.43973731994629,14.578227043151855,137.0375518798828,22.70974349975586,12.987960815429688,118.82953643798828,23.374614715576172,13.132158279418945,132.1764373779297,22.33202362060547,13.242021560668945,125.840087890625,21.653724670410156,10.742265701293945
AGC_184,2628.866666666667,0.6296273549397786,11.750776290893555,25.864990234375,10.901631355285645,117.7424545288086,26.308805465698242,13.898409843444824,236.64588928222656,22.65990447998047,14.88000774383545,141.4019317626953,22.965957641601562,13.358649253845215,125.24140167236328,23.645872116088867,13.49732780456543,140.78294372558594,22.588600158691406,13.577255249023438,136.7019500732422,21.87711524963379,11.069676399230957
AGC_082,2637.4,2.979183006286621,11.267823219299316,25.79962921142578,10.642416000366211,110.33572387695312,26.170799255371094,13.64646053314209,230.3029327392578,22.43973731994629,14.578227043151855,137.0375518798828,22.70974349975586,12.987960815429688,118.82953643798828,23.374614715576172,13.132158279418945,132.1764373779297,22.33202362060547,13.242021560668945,125.840087890625,21.653724670410156,10.742265701293945
AGC_146,2627.2,0.6396573543548584,11.750776290893555,25.864990234375,10.901631355285645,117.7424545288086,26.308805465698242,13.898409843444824,236.64588928222656,22.65990447998047,14.88000774383545,141.4019317626953,22.965957641601562,13.358649253845215,125.24140167236328,23.645872116088867,13.49732780456543,140.78294372558594,22.588600158691406,13.577255249023438,136.7019500732422,21.87711524963379,11.069676399230957
AGC_128,2630.090909090909,1.8010673522949219,11.750776290893555,25.864990234375,10.901631355285645,117.7424545288086,26.308805465698242,13.898409843444824,236.64588928222656,22.65990447998047,14.88000774383545,141.4019317626953,22.965957641601562,13.358649253845215,125.24140167236328,23.645872116088867,13.49732780456543,140.78294372558594,22.588600158691406,13.577255249023438,136.7019500732422,21.87711524963379,11.069676399230957
AGC_180,2774.2105263157896,6.219855057565789,9.109417597452799,25.809059143066406,9.852066040039062,94.46570841471355,26.05895233154297,13.018442789713541,193.7978312174479,22.363970438639324,14.174728393554688,107.79416910807292,22.658111572265625,12.515467325846354,94.41483561197917,23.231717427571613,12.66421127319336,114.68868001302083,22.283671061197918,12.834781646728516,90.5261942545573,21.618199666341145,10.297627766927084
AGC_134,2766.8571428571427,7.148697989327567,8.606237411499023,25.84088134765625,9.829835891723633,93.02483367919922,26.12338638305664,13.020029067993164,199.38302612304688,22.465259552001953,14.25742244720459,108.526611328125,22.778827667236328,12.624160766601562,94.43778991699219,23.350383758544922,12.777336120605469,113.87571716308594,22.403579711914062,12.93547248840332,87.5821533203125,21.71837043762207,10.390321731567383
AGC_041,2702.037037037037,2.944249471028646,11.793201446533203,25.890535354614258,10.960132598876953,133.079345703125,26.574565887451172,13.988521575927734,335.99359130859375,22.751144409179688,15.044424057006836,196.88726806640625,23.11365509033203,13.671886444091797,180.980224609375,23.749557495117188,13.777445793151855,234.08224487304688,22.740760803222656,13.792509078979492,142.29197692871094,21.927734375,11.248958587646484
AGC_166,2692.9,3.6905132293701173,11.172767639160156,25.903968811035156,10.830883026123047,126.80243682861328,26.549196243286133,13.88960075378418,314.0716857910156,22.782407760620117,15.010128021240234,181.86676025390625,23.14327049255371,13.609477996826172,162.44369506835938,23.77362632751465,13.723830223083496,209.16900634765625,22.767786026000977,13.752856254577637,129.59913635253906,21.968017578125,11.207690238952637
AGC_003,2643.2272727272725,2.4423165754838423,12.41363525390625,25.87710189819336,11.089381217956543,139.3562469482422,26.599937438964844,14.087442398071289,357.91552734375,22.719881057739258,15.078720092773438,211.90777587890625,23.08403778076172,13.734294891357422,199.51673889160156,23.72549057006836,13.831061363220215,258.9954833984375,22.713733673095703,13.832160949707031,154.9848175048828,21.887453079223633,11.290226936340332
AGC_081,2635.5714285714284,1.684549059186663,12.41363525390625,25.87710189819336,11.089381217956543,139.3562469482422,26.599937438964844,14.087442398071289,357.91552734375,22.719881057739258,15.078720092773438,211.90777587890625,23.08403778076172,13.734294891357422,199.51673889160156,23.72549057006836,13.831061363220215,258.9954833984375,22.713733673095703,13.832160949707031,154.9848175048828,21.887453079223633,11.290226936340332
AGC_129,2650.705882352941,1.7633126202751608,12.41363525390625,25.87710189819336,11.089381217956543,139.3562469482422,26.599937438964844,14.087442398071289,357.91552734375,22.719881057739258,15.078720092773438,211.90777587890625,23.08403778076172,13.734294891357422,199.51673889160156,23.72549057006836,13.831061363220215,258.9954833984375,22.713733673095703,13.832160949707031,154.9848175048828,21.887453079223633,11.290226936340332
AGC_034,2692.4166666666665,1.8543030420939128,12.41363525390625,25.87710189819336,11.089381217956543,139.3562469482422,26.599937438964844,14.087442398071289,357.91552734375,22.719881057739258,15.078720092773438,211.90777587890625,23.08403778076172,13.734294891357422,199.51673889160156,23.72549057006836,13.831061363220215,258.9954833984375,22.713733673095703,13.832160949707031,154.9848175048828,21.887453079223633,11.290226936340332
AGC_079,2704.346153846154,3.948213430551382,12.41363525390625,25.87710189819336,11.089381217956543,139.3562469482422,26.599937438964844,14.087442398071289,357.91552734375,22.719881057739258,15.078720092773438,211.90777587890625,23.08403778076172,13.734294891357422,199.51673889160156,23.72549057006836,13.831061363220215,258.9954833984375,22.713733673095703,13.832160949707031,154.9848175048828,21.887453079223633,11.290226936340332
AGC_070,2739.730769230769,4.332020686222957,12.41363525390625,25.87710189819336,11.089381217956543,139.3562469482422,26.599937438964844,14.087442398071289,357.91552734375,22.719881057739258,15.078720092773438,211.90777587890625,23.08403778076172,13.734294891357422,199.51673889160156,23.72549057006836,13.831061363220215,258.9954833984375,22.713733673095703,13.832160949707031,154.9848175048828,21.887453079223633,11.290226936340332
AGC_113,2712.0,3.481440650092231,12.41363525390625,25.87710189819336,11.089381217956543,139.3562469482422,26.599937438964844,14.087442398071289,357.91552734375,22.719881057739258,15.078720092773438,211.90777587890625,23.08403778076172,13.734294891357422,199.51673889160156,23.72549057006836,13.831061363220215,258.9954833984375,22.713733673095703,13.832160949707031,154.9848175048828,21.887453079223633,11.290226936340332
AGC_038,2709.0,4.173279232449001,12.41363525390625,25.87710189819336,11.089381217956543,139.3562469482422,26.599937438964844,14.087442398071289,357.91552734375,22.719881057739258,15.078720092773438,211.90777587890625,23.08403778076172,13.734294891357422,199.51673889160156,23.72549057006836,13.831061363220215,258.9954833984375,22.713733673095703,13.832160949707031,154.9848175048828,21.887453079223633,11.290226936340332
AGC_042,2691.5,3.984801483154297,11.793201446533203,25.890535354614258,10.960132598876953,133.079345703125,26.574565887451172,13.988521575927734,335.99359130859375,22.751144409179688,15.044424057006836,196.88726806640625,23.11365509033203,13.671886444091797,180.980224609375,23.749557495117188,13.777445793151855,234.08224487304688,22.740760803222656,13.792509078979492,142.29197692871094,21.927734375,11.248958587646484
AGC_194,2715.7,3.6843196868896486,11.793201446533203,25.890535354614258,10.960132598876953,133.079345703125,26.574565887451172,13.988521575927734,335.99359130859375,22.751144409179688,15.044424057006836,196.88726806640625,23.11365509033203,13.671886444091797,180.980224609375,23.749557495117188,13.777445793151855,234.08224487304688,22.740760803222656,13.792509078979492,142.29197692871094,21.927734375,11.248958587646484
AGC_030,2766.375,1.9804811477661133,12.326629638671875,25.79738426208496,10.515905380249023,135.34532165527344,26.503889083862305,13.598505020141602,361.12078857421875,22.480037689208984,14.663399696350098,185.3767547607422,22.815109252929688,13.25071907043457,184.04583740234375,23.395444869995117,13.346330642700195,264.9661865234375,22.462322235107422,13.409645080566406,131.3754119873047,21.635534286499023,10.831336975097656
AGC_078,2753.25,1.6894625425338745,12.326629638671875,25.79738426208496,10.515905380249023,135.34532165527344,26.503889083862305,13.598505020141602,361.12078857421875,22.480037689208984,14.663399696350098,185.3767547607422,22.815109252929688,13.25071907043457,184.04583740234375,23.395444869995117,13.346330642700195,264.9661865234375,22.462322235107422,13.409645080566406,131.3754119873047,21.635534286499023,10.831336975097656
AGC_121,2755.076923076923,2.602274381197416,11.818120956420898,25.793624877929688,10.395050048828125,132.3594207763672,26.44459342956543,13.485858917236328,363.59173583984375,22.454317092895508,14.580150604248047,186.15863037109375,22.775136947631836,13.129952430725098,179.95404052734375,23.347618103027344,13.228939056396484,257.51470947265625,22.415878295898438,13.30251407623291,121.69540405273438,21.61254119873047,10.738031387329102
AGC_148,2747.0,1.2387175559997559,12.326629638671875,25.79738426208496,10.515905380249023,135.34532165527344,26.503889083862305,13.598505020141602,361.12078857421875,22.480037689208984,14.663399696350098,185.3767547607422,22.815109252929688,13.25071907043457,184.04583740234375,23.395444869995117,13.346330642700195,264.9661865234375,22.462322235107422,13.409645080566406,131.3754119873047,21.635534286499023,10.831336975097656
AGC_067,2746.6,3.2484230041503905,11.309612274169922,25.789865493774414,10.274194717407227,129.37351989746094,26.385297775268555,13.373212814331055,366.0626525878906,22.42859649658203,14.49690055847168,186.94049072265625,22.735164642333984,13.009185791015625,175.8622589111328,23.299793243408203,13.111546516418457,250.06326293945312,22.369436264038086,13.195383071899414,112.01538848876953,21.589548110961914,10.64472484588623
AGC_089,2743.75,1.048126459121704,12.326629638671875,25.79738426208496,10.515905380249023,135.34532165527344,26.503889083862305,13.598505020141602,361.12078857421875,22.480037689208984,14.663399696350098,185.3767547607422,22.815109252929688,13.25071907043457,184.04583740234375,23.395444869995117,13.346330642700195,264.9661865234375,22.462322235107422,13.409645080566406,131.3754119873047,21.635534286499023,10.831336975097656
AGC_007,2760.5714285714284,2.7229843139648438,12.326629638671875,25.79738426208496,10.515905380249023,135.34532165527344,26.503889083862305,13.598505020141602,361.12078857421875,22.480037689208984,14.663399696350098,185.3767547607422,22.815109252929688,13.25071907043457,184.04583740234375,23.395444869995117,13.346330642700195,264.9661865234375,22.462322235107422,13.409645080566406,131.3754119873047,21.635534286499023,10.831336975097656
AGC_080,2762.695652173913,0.6245892566183339,12.326629638671875,25.79738426208496,10.515905380249023,135.34532165527344,26.503889083862305,13.598505020141602,361.12078857421875,22.480037689208984,14.663399696350098,185.3767547607422,22.815109252929688,13.25071907043457,184.04583740234375,23.395444869995117,13.346330642700195,264.9661865234375,22.462322235107422,13.409645080566406,131.3754119873047,21.635534286499023,10.831336975097656
AGC_156,2752.7272727272725,1.3869046297940342,12.326629638671875,25.79738426208496,10.515905380249023,135.34532165527344,26.503889083862305,13.598505020141602,361.12078857421875,22.480037689208984,14.663399696350098,185.3767547607422,22.815109252929688,13.25071907043457,184.04583740234375,23.395444869995117,13.346330642700195,264.9661865234375,22.462322235107422,13.409645080566406,131.3754119873047,21.635534286499023,10.831336975097656
AGC_140,2748.1111111111113,1.6273399988810222,12.326629638671875,25.79738426208496,10.515905380249023,135.34532165527344,26.503889083862305,13.598505020141602,361.12078857421875,22.480037689208984,14.663399696350098,185.3767547607422,22.815109252929688,13.25071907043457,184.04583740234375,23.395444869995117,13.346330642700195,264.9661865234375,22.462322235107422,13.409645080566406,131.3754119873047,21.635534286499023,10.831336975097656
AGC_118,2780.5,7.591724395751953,11.309612274169922,25.789865493774414,10.274194717407227,129.37351989746094,26.385297775268555,13.373212814331055,366.0626525878906,22.42859649658203,14.49690055847168,186.94049072265625,22.735164642333984,13.009185791015625,175.8622589111328,23.299793243408203,13.111546516418457,250.06326293945312,22.369436264038086,13.195383071899414,112.01538848876953,21.589548110961914,10.64472484588623
AGC_190,2890.5,2.285353088378906,9.67740535736084,25.78634262084961,11.562744140625,103.76583099365234,26.257295608520508,14.346888542175293,195.0574951171875,22.46882438659668,14.9705228805542,124.6748046875,22.711780548095703,13.493585586547852,108.9525146484375,23.42159652709961,13.574040412902832,116.88858795166016,22.324617385864258,13.596895217895508,134.71368408203125,21.62750244140625,11.192798614501953
AGC_092,2635.0,4.42963171005249,9.67740535736084,25.78634262084961,11.562744140625,103.76583099365234,26.257295608520508,14.346888542175293,195.0574951171875,22.46882438659668,14.9705228805542,124.6748046875,22.711780548095703,13.493585586547852,108.9525146484375,23.42159652709961,13.574040412902832,116.88858795166016,22.324617385864258,13.596895217895508,134.71368408203125,21.62750244140625,11.192798614501953
AGC_091,2636.0,2.345381021499634,9.67740535736084,25.78634262084961,11.562744140625,103.76583099365234,26.257295608520508,14.346888542175293,195.0574951171875,22.46882438659668,14.9705228805542,124.6748046875,22.711780548095703,13.493585586547852,108.9525146484375,23.42159652709961,13.574040412902832,116.88858795166016,22.324617385864258,13.596895217895508,134.71368408203125,21.62750244140625,11.192798614501953
AGC_060,2717.5,8.930868784586588,11.679719924926758,25.888519287109375,11.312884330749512,126.60689544677734,26.40804100036621,14.225541114807129,237.6761016845703,22.74112319946289,15.124446868896484,151.6535186767578,23.055788040161133,13.6774263381958,136.45851135253906,23.75454330444336,13.793819427490234,147.45968627929688,22.675418853759766,13.821392059326172,149.81637573242188,21.941648483276367,11.342263221740723
AGC_115,2600.8,0.47439236640930177,11.679719924926758,25.888519287109375,11.312884330749512,126.60689544677734,26.40804100036621,14.225541114807129,237.6761016845703,22.74112319946289,15.124446868896484,151.6535186767578,23.055788040161133,13.6774263381958,136.45851135253906,23.75454330444336,13.793819427490234,147.45968627929688,22.675418853759766,13.821392059326172,149.81637573242188,21.941648483276367,11.342263221740723
AGC_191,2711.5,8.314425468444824,10.67856216430664,25.837430953979492,11.437814712524414,115.18636322021484,26.33266830444336,14.286214828491211,216.36679077148438,22.60497283935547,15.0474853515625,138.16415405273438,22.883785247802734,13.585506439208984,122.70551300048828,23.588069915771484,13.683929443359375,132.17413330078125,22.500019073486328,13.70914363861084,142.26502990722656,21.784576416015625,11.26753044128418
AGC_085,2614.7,0.7912083625793457,11.679719924926758,25.888519287109375,11.312884330749512,126.60689544677734,26.40804100036621,14.225541114807129,237.6761016845703,22.74112319946289,15.124446868896484,151.6535186767578,23.055788040161133,13.6774263381958,136.45851135253906,23.75454330444336,13.793819427490234,147.45968627929688,22.675418853759766,13.821392059326172,149.81637573242188,21.941648483276367,11.342263221740723
AGC_188,2658.75,3.42110276222229,9.67740535736084,25.78634262084961,11.562744140625,103.76583099365234,26.257295608520508,14.346888542175293,195.0574951171875,22.46882438659668,14.9705228805542,124.6748046875,22.711780548095703,13.493585586547852,108.9525146484375,23.42159652709961,13.574040412902832,116.88858795166016,22.324617385864258,13.596895217895508,134.71368408203125,21.62750244140625,11.192798614501953
AGC_126,2891.6363636363635,2.9174537658691406,9.67740535736084,25.78634262084961,11.562744140625,103.76583099365234,26.257295608520508,14.346888542175293,195.0574951171875,22.46882438659668,14.9705228805542,124.6748046875,22.711780548095703,13.493585586547852,108.9525146484375,23.42159652709961,13.574040412902832,116.88858795166016,22.324617385864258,13.596895217895508,134.71368408203125,21.62750244140625,11.192798614501953
AGC_097,2751.25,2.738920211791992,9.67740535736084,25.78634262084961,11.562744140625,103.76583099365234,26.257295608520508,14.346888542175293,195.0574951171875,22.46882438659668,14.9705228805542,124.6748046875,22.711780548095703,13.493585586547852,108.9525146484375,23.42159652709961,13.574040412902832,116.88858795166016,22.324617385864258,13.596895217895508,134.71368408203125,21.62750244140625,11.192798614501953
AGC_043,2605.4166666666665,0.6634714603424072,11.715248107910156,25.876754760742188,11.107257843017578,122.17467498779297,26.358423233032227,14.061975479125977,237.16099548339844,22.70051383972168,15.002227783203125,146.52772521972656,23.01087188720703,13.518037796020508,130.84996032714844,23.700206756591797,13.645573616027832,144.12130737304688,22.632009506225586,13.699323654174805,143.2591552734375,21.909381866455078,11.20596981048584
AGC_185,2632.529411764706,3.0079498291015625,11.679719924926758,25.888519287109375,11.312884330749512,126.60689544677734,26.40804100036621,14.225541114807129,237.6761016845703,22.74112319946289,15.124446868896484,151.6535186767578,23.055788040161133,13.6774263381958,136.45851135253906,23.75454330444336,13.793819427490234,147.45968627929688,22.675418853759766,13.821392059326172,149.81637573242188,21.941648483276367,11.342263221740723
AGC_108,2865.125,7.378827095031738,9.67740535736084,25.78634262084961,11.562744140625,103.76583099365234,26.257295608520508,14.346888542175293,195.0574951171875,22.46882438659668,14.9705228805542,124.6748046875,22.711780548095703,13.493585586547852,108.9525146484375,23.42159652709961,13.574040412902832,116.88858795166016,22.324617385864258,13.596895217895508,134.71368408203125,21.62750244140625,11.192798614501953
AGC_181,2639.25,6.855565071105957,11.679719924926758,25.888519287109375,11.312884330749512,126.60689544677734,26.40804100036621,14.225541114807129,237.6761016845703,22.74112319946289,15.124446868896484,151.6535186767578,23.055788040161133,13.6774263381958,136.45851135253906,23.75454330444336,13.793819427490234,147.45968627929688,22.675418853759766,13.821392059326172,149.81637573242188,21.941648483276367,11.342263221740723
AGC_153,2606.285714285714,0.3173297473362514,11.679719924926758,25.888519287109375,11.312884330749512,126.60689544677734,26.40804100036621,14.225541114807129,237.6761016845703,22.74112319946289,15.124446868896484,151.6535186767578,23.055788040161133,13.6774263381958,136.45851135253906,23.75454330444336,13.793819427490234,147.45968627929688,22.675418853759766,13.821392059326172,149.81637573242188,21.941648483276367,11.342263221740723
AGC_006,2893.3333333333335,3.0042135450575085,9.67740535736084,25.78634262084961,11.562744140625,103.76583099365234,26.257295608520508,14.346888542175293,195.0574951171875,22.46882438659668,14.9705228805542,124.6748046875,22.711780548095703,13.493585586547852,108.9525146484375,23.42159652709961,13.574040412902832,116.88858795166016,22.324617385864258,13.596895217895508,134.71368408203125,21.62750244140625,11.192798614501953
AGC_036,2613.7272727272725,0.7232627001675692,11.679719924926758,25.888519287109375,11.312884330749512,126.60689544677734,26.40804100036621,14.225541114807129,237.6761016845703,22.74112319946289,15.124446868896484,151.6535186767578,23.055788040161133,13.6774263381958,136.45851135253906,23.75454330444336,13.793819427490234,147.45968627929688,22.675418853759766,13.821392059326172,149.81637573242188,21.941648483276367,11.342263221740723
AGC_109,2751.8333333333335,2.412175178527832,9.67740535736084,25.78634262084961,11.562744140625,103.76583099365234,26.257295608520508,14.346888542175293,195.0574951171875,22.46882438659668,14.9705228805542,124.6748046875,22.711780548095703,13.493585586547852,108.9525146484375,23.42159652709961,13.574040412902832,116.88858795166016,22.324617385864258,13.596895217895508,134.71368408203125,21.62750244140625,11.192798614501953
AGC_077,2848.6666666666665,2.1214208602905273,11.679719924926758,25.888519287109375,11.312884330749512,126.60689544677734,26.40804100036621,14.225541114807129,237.6761016845703,22.74112319946289,15.124446868896484,151.6535186767578,23.055788040161133,13.6774263381958,136.45851135253906,23.75454330444336,13.793819427490234,147.45968627929688,22.675418853759766,13.821392059326172,149.81637573242188,21.941648483276367,11.342263221740723
AGC_177,2612.777777777778,0.7683102289835612,11.679719924926758,25.888519287109375,11.312884330749512,126.60689544677734,26.40804100036621,14.225541114807129,237.6761016845703,22.74112319946289,15.124446868896484,151.6535186767578,23.055788040161133,13.6774263381958,136.45851135253906,23.75454330444336,13.793819427490234,147.45968627929688,22.675418853759766,13.821392059326172,149.81637573242188,21.941648483276367,11.342263221740723
AGC_105,2609.375,0.7185304164886475,11.679719924926758,25.888519287109375,11.312884330749512,126.60689544677734,26.40804100036621,14.225541114807129,237.6761016845703,22.74112319946289,15.124446868896484,151.6535186767578,23.055788040161133,13.6774263381958,136.45851135253906,23.75454330444336,13.793819427490234,147.45968627929688,22.675418853759766,13.821392059326172,149.81637573242188,21.941648483276367,11.342263221740723
AGC_182,2643.3636363636365,3.602134011008523,10.35226821899414,25.810007095336914,11.179848670959473,111.25503540039062,26.24345588684082,14.088808059692383,238.57005310058594,22.53583526611328,14.86671257019043,143.8024444580078,22.799571990966797,13.343687057495117,125.85325622558594,23.49831771850586,13.458481788635254,135.4467315673828,22.415990829467773,13.528106689453125,126.99993133544922,21.721982955932617,11.071479797363281
AGC_096,2618.25,0.9297468185424804,11.679719924926758,25.888519287109375,11.312884330749512,126.60689544677734,26.40804100036621,14.225541114807129,237.6761016845703,22.74112319946289,15.124446868896484,151.6535186767578,23.055788040161133,13.6774263381958,136.45851135253906,23.75454330444336,13.793819427490234,147.45968627929688,22.675418853759766,13.821392059326172,149.81637573242188,21.941648483276367,11.342263221740723
AGC_176,2693.0,4.786584120530349,10.014837265014648,25.798175811767578,11.371295928955078,107.51043701171875,26.250375747680664,14.21784782409668,216.81378173828125,22.502330780029297,14.918617248535156,134.23861694335938,22.75567626953125,13.418636322021484,117.40288543701172,23.459957122802734,13.516261100769043,126.16766357421875,22.370304107666016,13.562500953674316,130.8568115234375,21.67474365234375,11.132139205932617
AGC_155,2754.8333333333335,6.020748774210612,9.67740535736084,25.78634262084961,11.562744140625,103.76583099365234,26.257295608520508,14.346888542175293,195.0574951171875,22.46882438659668,14.9705228805542,124.6748046875,22.711780548095703,13.493585586547852,108.9525146484375,23.42159652709961,13.574040412902832,116.88858795166016,22.324617385864258,13.596895217895508,134.71368408203125,21.62750244140625,11.192798614501953
AGC_100,2646.294117647059,1.2568119273466223,11.679719924926758,25.888519287109375,11.312884330749512,126.60689544677734,26.40804100036621,14.225541114807129,237.6761016845703,22.74112319946289,15.124446868896484,151.6535186767578,23.055788040161133,13.6774263381958,136.45851135253906,23.75454330444336,13.793819427490234,147.45968627929688,22.675418853759766,13.821392059326172,149.81637573242188,21.941648483276367,11.342263221740723
AGC_135,2875.0,6.4231217702229815,9.67740535736084,25.78634262084961,11.562744140625,103.76583099365234,26.257295608520508,14.346888542175293,195.0574951171875,22.46882438659668,14.9705228805542,124.6748046875,22.711780548095703,13.493585586547852,108.9525146484375,23.42159652709961,13.574040412902832,116.88858795166016,22.324617385864258,13.596895217895508,134.71368408203125,21.62750244140625,11.192798614501953
AGC_186,2602.15,0.9001724243164062,11.679719924926758,25.888519287109375,11.312884330749512,126.60689544677734,26.40804100036621,14.225541114807129,237.6761016845703,22.74112319946289,15.124446868896484,151.6535186767578,23.055788040161133,13.6774263381958,136.45851135253906,23.75454330444336,13.793819427490234,147.45968627929688,22.675418853759766,13.821392059326172,149.81637573242188,21.941648483276367,11.342263221740723
AGC_143,2616.764705882353,2.317303601433249,11.715248107910156,25.876754760742188,11.107257843017578,122.17467498779297,26.358423233032227,14.061975479125977,237.16099548339844,22.70051383972168,15.002227783203125,146.52772521972656,23.01087188720703,13.518037796020508,130.84996032714844,23.700206756591797,13.645573616027832,144.12130737304688,22.632009506225586,13.699323654174805,143.2591552734375,21.909381866455078,11.20596981048584
AGC_018,2620.1666666666665,2.122143586476644,11.679719924926758,25.888519287109375,11.312884330749512,126.60689544677734,26.40804100036621,14.225541114807129,237.6761016845703,22.74112319946289,15.124446868896484,151.6535186767578,23.055788040161133,13.6774263381958,136.45851135253906,23.75454330444336,13.793819427490234,147.45968627929688,22.675418853759766,13.821392059326172,149.81637573242188,21.941648483276367,11.342263221740723
AGC_106,2606.090909090909,0.5363235473632812,11.679719924926758,25.888519287109375,11.312884330749512,126.60689544677734,26.40804100036621,14.225541114807129,237.6761016845703,22.74112319946289,15.124446868896484,151.6535186767578,23.055788040161133,13.6774263381958,136.45851135253906,23.75454330444336,13.793819427490234,147.45968627929688,22.675418853759766,13.821392059326172,149.81637573242188,21.941648483276367,11.342263221740723
AGC_033,2759.4444444444443,6.474656846788195,10.51632308959961,25.767898559570312,11.700645446777344,114.31665802001953,26.25286102294922,14.45849609375,198.70254516601562,22.461349487304688,15.009729385375977,128.61474609375,22.691505432128906,13.548601150512695,113.62908935546875,23.405996322631836,13.610494613647461,123.28544616699219,22.301044464111328,13.626057624816895,139.99774169921875,21.599306106567383,11.248287200927734
AGC_150,2615.6,0.807781982421875,10.67856216430664,25.837430953979492,11.437814712524414,115.18636322021484,26.33266830444336,14.286214828491211,216.36679077148438,22.60497283935547,15.0474853515625,138.16415405273438,22.883785247802734,13.585506439208984,122.70551300048828,23.588069915771484,13.683929443359375,132.17413330078125,22.500019073486328,13.70914363861084,142.26502990722656,21.784576416015625,11.26753044128418
AGC_104,2613.5,0.7581707636515299,11.679719924926758,25.888519287109375,11.312884330749512,126.60689544677734,26.40804100036621,14.225541114807129,237.6761016845703,22.74112319946289,15.124446868896484,151.6535186767578,23.055788040161133,13.6774263381958,136.45851135253906,23.75454330444336,13.793819427490234,147.45968627929688,22.675418853759766,13.821392059326172,149.81637573242188,21.941648483276367,11.342263221740723
AGC_167,2635.5,3.7640775044759116,9.67740535736084,25.78634262084961,11.562744140625,103.76583099365234,26.257295608520508,14.346888542175293,195.0574951171875,22.46882438659668,14.9705228805542,124.6748046875,22.711780548095703,13.493585586547852,108.9525146484375,23.42159652709961,13.574040412902832,116.88858795166016,22.324617385864258,13.596895217895508,134.71368408203125,21.62750244140625,11.192798614501953
AGC_002,2611.5,0.5567772388458252,11.679719924926758,25.888519287109375,11.312884330749512,126.60689544677734,26.40804100036621,14.225541114807129,237.6761016845703,22.74112319946289,15.124446868896484,151.6535186767578,23.055788040161133,13.6774263381958,136.45851135253906,23.75454330444336,13.793819427490234,147.45968627929688,22.675418853759766,13.821392059326172,149.81637573242188,21.941648483276367,11.342263221740723
AGC_136,2610.0,0.2937105894088745,11.679719924926758,25.888519287109375,11.312884330749512,126.60689544677734,26.40804100036621,14.225541114807129,237.6761016845703,22.74112319946289,15.124446868896484,151.6535186767578,23.055788040161133,13.6774263381958,136.45851135253906,23.75454330444336,13.793819427490234,147.45968627929688,22.675418853759766,13.821392059326172,149.81637573242188,21.941648483276367,11.342263221740723
AGC_178,2641.266666666667,1.293987782796224,11.679719924926758,25.888519287109375,11.312884330749512,126.60689544677734,26.40804100036621,14.225541114807129,237.6761016845703,22.74112319946289,15.124446868896484,151.6535186767578,23.055788040161133,13.6774263381958,136.45851135253906,23.75454330444336,13.793819427490234,147.45968627929688,22.675418853759766,13.821392059326172,149.81637573242188,21.941648483276367,11.342263221740723
AGC_125,2608.1176470588234,0.6118730096256032,11.715248107910156,25.876754760742188,11.107257843017578,122.17467498779297,26.358423233032227,14.061975479125977,237.16099548339844,22.70051383972168,15.002227783203125,146.52772521972656,23.01087188720703,13.518037796020508,130.84996032714844,23.700206756591797,13.645573616027832,144.12130737304688,22.632009506225586,13.699323654174805,143.2591552734375,21.909381866455078,11.20596981048584
AGC_116,2604.6923076923076,0.760566784785344,11.750776290893555,25.864990234375,10.901631355285645,117.7424545288086,26.308805465698242,13.898409843444824,236.64588928222656,22.65990447998047,14.88000774383545,141.4019317626953,22.965957641601562,13.358649253845215,125.24140167236328,23.645872116088867,13.49732780456543,140.78294372558594,22.588600158691406,13.577255249023438,136.7019500732422,21.87711524963379,11.069676399230957
AGC_162,2835.1111111111113,5.012428707546658,9.67740535736084,25.78634262084961,11.562744140625,103.76583099365234,26.257295608520508,14.346888542175293,195.0574951171875,22.46882438659668,14.9705228805542,124.6748046875,22.711780548095703,13.493585586547852,108.9525146484375,23.42159652709961,13.574040412902832,116.88858795166016,22.324617385864258,13.596895217895508,134.71368408203125,21.62750244140625,11.192798614501953
AGC_057,2732.0,8.284562110900879,9.67740535736084,25.78634262084961,11.562744140625,103.76583099365234,26.257295608520508,14.346888542175293,195.0574951171875,22.46882438659668,14.9705228805542,124.6748046875,22.711780548095703,13.493585586547852,108.9525146484375,23.42159652709961,13.574040412902832,116.88858795166016,22.324617385864258,13.596895217895508,134.71368408203125,21.62750244140625,11.192798614501953
AGC_142,2726.0,7.950991821289063,9.67740535736084,25.78634262084961,11.562744140625,103.76583099365234,26.257295608520508,14.346888542175293,195.0574951171875,22.46882438659668,14.9705228805542,124.6748046875,22.711780548095703,13.493585586547852,108.9525146484375,23.42159652709961,13.574040412902832,116.88858795166016,22.324617385864258,13.596895217895508,134.71368408203125,21.62750244140625,11.192798614501953
AGC_197,2613.5882352941176,1.2788139792049633,11.679719924926758,25.888519287109375,11.312884330749512,126.60689544677734,26.40804100036621,14.225541114807129,237.6761016845703,22.74112319946289,15.124446868896484,151.6535186767578,23.055788040161133,13.6774263381958,136.45851135253906,23.75454330444336,13.793819427490234,147.45968627929688,22.675418853759766,13.821392059326172,149.81637573242188,21.941648483276367,11.342263221740723
AGC_028,2653.4,8.143553161621094,11.679719924926758,25.888519287109375,11.312884330749512,126.60689544677734,26.40804100036621,14.225541114807129,237.6761016845703,22.74112319946289,15.124446868896484,151.6535186767578,23.055788040161133,13.6774263381958,136.45851135253906,23.75454330444336,13.793819427490234,147.45968627929688,22.675418853759766,13.821392059326172,149.81637573242188,21.941648483276367,11.342263221740723
AGC_073,2600.5714285714284,0.39929185594831196,11.679719924926758,25.888519287109375,11.312884330749512,126.60689544677734,26.40804100036621,14.225541114807129,237.6761016845703,22.74112319946289,15.124446868896484,151.6535186767578,23.055788040161133,13.6774263381958,136.45851135253906,23.75454330444336,13.793819427490234,147.45968627929688,22.675418853759766,13.821392059326172,149.81637573242188,21.941648483276367,11.342263221740723
AGC_031,2604.375,0.49552473425865173,11.679719924926758,25.888519287109375,11.312884330749512,126.60689544677734,26.40804100036621,14.225541114807129,237.6761016845703,22.74112319946289,15.124446868896484,151.6535186767578,23.055788040161133,13.6774263381958,136.45851135253906,23.75454330444336,13.793819427490234,147.45968627929688,22.675418853759766,13.821392059326172,149.81637573242188,21.941648483276367,11.342263221740723
AGC_171,2628.0625,1.561331033706665,11.679719924926758,25.888519287109375,11.312884330749512,126.60689544677734,26.40804100036621,14.225541114807129,237.6761016845703,22.74112319946289,15.124446868896484,151.6535186767578,23.055788040161133,13.6774263381958,136.45851135253906,23.75454330444336,13.793819427490234,147.45968627929688,22.675418853759766,13.821392059326172,149.81637573242188,21.941648483276367,11.342263221740723
AGC_111,2883.5,5.434234142303467,9.67740535736084,25.78634262084961,11.562744140625,103.76583099365234,26.257295608520508,14.346888542175293,195.0574951171875,22.46882438659668,14.9705228805542,124.6748046875,22.711780548095703,13.493585586547852,108.9525146484375,23.42159652709961,13.574040412902832,116.88858795166016,22.324617385864258,13.596895217895508,134.71368408203125,21.62750244140625,11.192798614501953
AGC_015,2672.0,2.8342405954996743,9.67740535736084,25.78634262084961,11.562744140625,103.76583099365234,26.257295608520508,14.346888542175293,195.0574951171875,22.46882438659668,14.9705228805542,124.6748046875,22.711780548095703,13.493585586547852,108.9525146484375,23.42159652709961,13.574040412902832,116.88858795166016,22.324617385864258,13.596895217895508,134.71368408203125,21.62750244140625,11.192798614501953
AGC_063,2607.9,1.34816312789917,11.679719924926758,25.888519287109375,11.312884330749512,126.60689544677734,26.40804100036621,14.225541114807129,237.6761016845703,22.74112319946289,15.124446868896484,151.6535186767578,23.055788040161133,13.6774263381958,136.45851135253906,23.75454330444336,13.793819427490234,147.45968627929688,22.675418853759766,13.821392059326172,149.81637573242188,21.941648483276367,11.342263221740723
AGC_110,2607.4545454545455,0.5603129646994851,11.679719924926758,25.888519287109375,11.312884330749512,126.60689544677734,26.40804100036621,14.225541114807129,237.6761016845703,22.74112319946289,15.124446868896484,151.6535186767578,23.055788040161133,13.6774263381958,136.45851135253906,23.75454330444336,13.793819427490234,147.45968627929688,22.675418853759766,13.821392059326172,149.81637573242188,21.941648483276367,11.342263221740723
AGC_032,2640.1666666666665,5.275352795918782,11.679719924926758,25.888519287109375,11.312884330749512,126.60689544677734,26.40804100036621,14.225541114807129,237.6761016845703,22.74112319946289,15.124446868896484,151.6535186767578,23.055788040161133,13.6774263381958,136.45851135253906,23.75454330444336,13.793819427490234,147.45968627929688,22.675418853759766,13.821392059326172,149.81637573242188,21.941648483276367,11.342263221740723
AGC_024,2630.6,0.7218947092692057,11.679719924926758,25.888519287109375,11.312884330749512,126.60689544677734,26.40804100036621,14.225541114807129,237.6761016845703,22.74112319946289,15.124446868896484,151.6535186767578,23.055788040161133,13.6774263381958,136.45851135253906,23.75454330444336,13.793819427490234,147.45968627929688,22.675418853759766,13.821392059326172,149.81637573242188,21.941648483276367,11.342263221740723
AGC_045,2617.8571428571427,1.8317831584385462,11.679719924926758,25.888519287109375,11.312884330749512,126.60689544677734,26.40804100036621,14.225541114807129,237.6761016845703,22.74112319946289,15.124446868896484,151.6535186767578,23.055788040161133,13.6774263381958,136.45851135253906,23.75454330444336,13.793819427490234,147.45968627929688,22.675418853759766,13.821392059326172,149.81637573242188,21.941648483276367,11.342263221740723
AGC_195,2603.5,0.37671951452891034,11.679719924926758,25.888519287109375,11.312884330749512,126.60689544677734,26.40804100036621,14.225541114807129,237.6761016845703,22.74112319946289,15.124446868896484,151.6535186767578,23.055788040161133,13.6774263381958,136.45851135253906,23.75454330444336,13.793819427490234,147.45968627929688,22.675418853759766,13.821392059326172,149.81637573242188,21.941648483276367,11.342263221740723
AGC_088,2905.25,2.048940976460775,9.67740535736084,25.78634262084961,11.562744140625,103.76583099365234,26.257295608520508,14.346888542175293,195.0574951171875,22.46882438659668,14.9705228805542,124.6748046875,22.711780548095703,13.493585586547852,108.9525146484375,23.42159652709961,13.574040412902832,116.88858795166016,22.324617385864258,13.596895217895508,134.71368408203125,21.62750244140625,11.192798614501953
AGC_005,2623.8,1.6781164169311524,9.67740535736084,25.78634262084961,11.562744140625,103.76583099365234,26.257295608520508,14.346888542175293,195.0574951171875,22.46882438659668,14.9705228805542,124.6748046875,22.711780548095703,13.493585586547852,108.9525146484375,23.42159652709961,13.574040412902832,116.88858795166016,22.324617385864258,13.596895217895508,134.71368408203125,21.62750244140625,11.192798614501953
AGC_102,2624.1052631578946,1.312207071404708,11.679719924926758,25.888519287109375,11.312884330749512,126.60689544677734,26.40804100036621,14.225541114807129,237.6761016845703,22.74112319946289,15.124446868896484,151.6535186767578,23.055788040161133,13.6774263381958,136.45851135253906,23.75454330444336,13.793819427490234,147.45968627929688,22.675418853759766,13.821392059326172,149.81637573242188,21.941648483276367,11.342263221740723
AGC_127,2725.75,6.914693355560303,11.679719924926758,25.888519287109375,11.312884330749512,126.60689544677734,26.40804100036621,14.225541114807129,237.6761016845703,22.74112319946289,15.124446868896484,151.6535186767578,23.055788040161133,13.6774263381958,136.45851135253906,23.75454330444336,13.793819427490234,147.45968627929688,22.675418853759766,13.821392059326172,149.81637573242188,21.941648483276367,11.342263221740723
AGC_101,2623.470588235294,1.6532465990851908,11.679719924926758,25.888519287109375,11.312884330749512,126.60689544677734,26.40804100036621,14.225541114807129,237.6761016845703,22.74112319946289,15.124446868896484,151.6535186767578,23.055788040161133,13.6774263381958,136.45851135253906,23.75454330444336,13.793819427490234,147.45968627929688,22.675418853759766,13.821392059326172,149.81637573242188,21.941648483276367,11.342263221740723
AGC_095,2640.3333333333335,4.764048258463542,11.679719924926758,25.888519287109375,11.312884330749512,126.60689544677734,26.40804100036621,14.225541114807129,237.6761016845703,22.74112319946289,15.124446868896484,151.6535186767578,23.055788040161133,13.6774263381958,136.45851135253906,23.75454330444336,13.793819427490234,147.45968627929688,22.675418853759766,13.821392059326172,149.81637573242188,21.941648483276367,11.342263221740723
AGC_017,2657.8333333333335,4.786746978759766,9.67740535736084,25.78634262084961,11.562744140625,103.76583099365234,26.257295608520508,14.346888542175293,195.0574951171875,22.46882438659668,14.9705228805542,124.6748046875,22.711780548095703,13.493585586547852,108.9525146484375,23.42159652709961,13.574040412902832,116.88858795166016,22.324617385864258,13.596895217895508,134.71368408203125,21.62750244140625,11.192798614501953
AGC_192,2708.4,2.630081558227539,9.67740535736084,25.78634262084961,11.562744140625,103.76583099365234,26.257295608520508,14.346888542175293,195.0574951171875,22.46882438659668,14.9705228805542,124.6748046875,22.711780548095703,13.493585586547852,108.9525146484375,23.42159652709961,13.574040412902832,116.88858795166016,22.324617385864258,13.596895217895508,134.71368408203125,21.62750244140625,11.192798614501953
AGC_072,2893.0,3.4767640431722007,9.67740535736084,25.78634262084961,11.562744140625,103.76583099365234,26.257295608520508,14.346888542175293,195.0574951171875,22.46882438659668,14.9705228805542,124.6748046875,22.711780548095703,13.493585586547852,108.9525146484375,23.42159652709961,13.574040412902832,116.88858795166016,22.324617385864258,13.596895217895508,134.71368408203125,21.62750244140625,11.192798614501953
AGC_159,2628.6666666666665,1.85162353515625,9.67740535736084,25.78634262084961,11.562744140625,103.76583099365234,26.257295608520508,14.346888542175293,195.0574951171875,22.46882438659668,14.9705228805542,124.6748046875,22.711780548095703,13.493585586547852,108.9525146484375,23.42159652709961,13.574040412902832,116.88858795166016,22.324617385864258,13.596895217895508,134.71368408203125,21.62750244140625,11.192798614501953
AGC_158,2631.3529411764707,1.0679126066320084,11.679719924926758,25.888519287109375,11.312884330749512,126.60689544677734,26.40804100036621,14.225541114807129,237.6761016845703,22.74112319946289,15.124446868896484,151.6535186767578,23.055788040161133,13.6774263381958,136.45851135253906,23.75454330444336,13.793819427490234,147.45968627929688,22.675418853759766,13.821392059326172,149.81637573242188,21.941648483276367,11.342263221740723
AGC_011,2723.3636363636365,4.394883589311079,9.67740535736084,25.78634262084961,11.562744140625,103.76583099365234,26.257295608520508,14.346888542175293,195.0574951171875,22.46882438659668,14.9705228805542,124.6748046875,22.711780548095703,13.493585586547852,108.9525146484375,23.42159652709961,13.574040412902832,116.88858795166016,22.324617385864258,13.596895217895508,134.71368408203125,21.62750244140625,11.192798614501953
AGC_076,2631.0,6.0729118347167965,11.679719924926758,25.888519287109375,11.312884330749512,126.60689544677734,26.40804100036621,14.225541114807129,237.6761016845703,22.74112319946289,15.124446868896484,151.6535186767578,23.055788040161133,13.6774263381958,136.45851135253906,23.75454330444336,13.793819427490234,147.45968627929688,22.675418853759766,13.821392059326172,149.81637573242188,21.941648483276367,11.342263221740723
AGC_168,2632.6,3.5632068634033205,11.679719924926758,25.888519287109375,11.312884330749512,126.60689544677734,26.40804100036621,14.225541114807129,237.6761016845703,22.74112319946289,15.124446868896484,151.6535186767578,23.055788040161133,13.6774263381958,136.45851135253906,23.75454330444336,13.793819427490234,147.45968627929688,22.675418853759766,13.821392059326172,149.81637573242188,21.941648483276367,11.342263221740723
AGC_132,2879.818181818182,3.627374128861861,9.67740535736084,25.78634262084961,11.562744140625,103.76583099365234,26.257295608520508,14.346888542175293,195.0574951171875,22.46882438659668,14.9705228805542,124.6748046875,22.711780548095703,13.493585586547852,108.9525146484375,23.42159652709961,13.574040412902832,116.88858795166016,22.324617385864258,13.596895217895508,134.71368408203125,21.62750244140625,11.192798614501953
AGC_062,2600.375,0.3895886540412903,11.679719924926758,25.888519287109375,11.312884330749512,126.60689544677734,26.40804100036621,14.225541114807129,237.6761016845703,22.74112319946289,15.124446868896484,151.6535186767578,23.055788040161133,13.6774263381958,136.45851135253906,23.75454330444336,13.793819427490234,147.45968627929688,22.675418853759766,13.821392059326172,149.81637573242188,21.941648483276367,11.342263221740723
AGC_056,2743.3333333333335,3.011404037475586,9.67740535736084,25.78634262084961,11.562744140625,103.76583099365234,26.257295608520508,14.346888542175293,195.0574951171875,22.46882438659668,14.9705228805542,124.6748046875,22.711780548095703,13.493585586547852,108.9525146484375,23.42159652709961,13.574040412902832,116.88858795166016,22.324617385864258,13.596895217895508,134.71368408203125,21.62750244140625,11.192798614501953
AGC_055,2733.0,3.468106269836426,9.67740535736084,25.78634262084961,11.562744140625,103.76583099365234,26.257295608520508,14.346888542175293,195.0574951171875,22.46882438659668,14.9705228805542,124.6748046875,22.711780548095703,13.493585586547852,108.9525146484375,23.42159652709961,13.574040412902832,116.88858795166016,22.324617385864258,13.596895217895508,134.71368408203125,21.62750244140625,11.192798614501953
AGC_179,2731.3333333333335,5.259478251139323,9.67740535736084,25.78634262084961,11.562744140625,103.76583099365234,26.257295608520508,14.346888542175293,195.0574951171875,22.46882438659668,14.9705228805542,124.6748046875,22.711780548095703,13.493585586547852,108.9525146484375,23.42159652709961,13.574040412902832,116.88858795166016,22.324617385864258,13.596895217895508,134.71368408203125,21.62750244140625,11.192798614501953
AGC_139,2600.285714285714,0.3430271489279611,11.679719924926758,25.888519287109375,11.312884330749512,126.60689544677734,26.40804100036621,14.225541114807129,237.6761016845703,22.74112319946289,15.124446868896484,151.6535186767578,23.055788040161133,13.6774263381958,136.45851135253906,23.75454330444336,13.793819427490234,147.45968627929688,22.675418853759766,13.821392059326172,149.81637573242188,21.941648483276367,11.342263221740723
AGC_133,2840.5555555555557,2.9143994649251304,10.67856216430664,25.837430953979492,11.437814712524414,115.18636322021484,26.33266830444336,14.286214828491211,216.36679077148438,22.60497283935547,15.0474853515625,138.16415405273438,22.883785247802734,13.585506439208984,122.70551300048828,23.588069915771484,13.683929443359375,132.17413330078125,22.500019073486328,13.70914363861084,142.26502990722656,21.784576416015625,11.26753044128418
AGC_013,2900.5454545454545,2.843131672252308,9.67740535736084,25.78634262084961,11.562744140625,103.76583099365234,26.257295608520508,14.346888542175293,195.0574951171875,22.46882438659668,14.9705228805542,124.6748046875,22.711780548095703,13.493585586547852,108.9525146484375,23.42159652709961,13.574040412902832,116.88858795166016,22.324617385864258,13.596895217895508,134.71368408203125,21.62750244140625,11.192798614501953
AGC_189,2620.1666666666665,1.658559799194336,11.750776290893555,25.864990234375,10.901631355285645,117.7424545288086,26.308805465698242,13.898409843444824,236.64588928222656,22.65990447998047,14.88000774383545,141.4019317626953,22.965957641601562,13.358649253845215,125.24140167236328,23.645872116088867,13.49732780456543,140.78294372558594,22.588600158691406,13.577255249023438,136.7019500732422,21.87711524963379,11.069676399230957
AGC_094,2749.8888888888887,1.1406742731730144,9.67740535736084,25.78634262084961,11.562744140625,103.76583099365234,26.257295608520508,14.346888542175293,195.0574951171875,22.46882438659668,14.9705228805542,124.6748046875,22.711780548095703,13.493585586547852,108.9525146484375,23.42159652709961,13.574040412902832,116.88858795166016,22.324617385864258,13.596895217895508,134.71368408203125,21.62750244140625,11.192798614501953
AGC_160,2741.4615384615386,3.1014600900503306,9.67740535736084,25.78634262084961,11.562744140625,103.76583099365234,26.257295608520508,14.346888542175293,195.0574951171875,22.46882438659668,14.9705228805542,124.6748046875,22.711780548095703,13.493585586547852,108.9525146484375,23.42159652709961,13.574040412902832,116.88858795166016,22.324617385864258,13.596895217895508,134.71368408203125,21.62750244140625,11.192798614501953
AGC_124,2717.4,5.917055892944336,9.67740535736084,25.78634262084961,11.562744140625,103.76583099365234,26.257295608520508,14.346888542175293,195.0574951171875,22.46882438659668,14.9705228805542,124.6748046875,22.711780548095703,13.493585586547852,108.9525146484375,23.42159652709961,13.574040412902832,116.88858795166016,22.324617385864258,13.596895217895508,134.71368408203125,21.62750244140625,11.192798614501953
AGC_172,2886.25,3.5407521724700928,10.056449890136719,25.785602569580078,11.765284538269043,98.62152862548828,26.282604217529297,14.494312286376953,199.4920654296875,22.47362518310547,15.060731887817383,133.3852081298828,22.714061737060547,13.614715576171875,110.21249389648438,23.432064056396484,13.680657386779785,125.16807556152344,22.32195281982422,13.674310684204102,145.44296264648438,21.618976593017578,11.292179107666016
AGC_026,2617.625,0.8554401397705078,10.67856216430664,25.837430953979492,11.437814712524414,115.18636322021484,26.33266830444336,14.286214828491211,216.36679077148438,22.60497283935547,15.0474853515625,138.16415405273438,22.883785247802734,13.585506439208984,122.70551300048828,23.588069915771484,13.683929443359375,132.17413330078125,22.500019073486328,13.70914363861084,142.26502990722656,21.784576416015625,11.26753044128418
AGC_175,2644.8,2.980441665649414,9.67740535736084,25.78634262084961,11.562744140625,103.76583099365234,26.257295608520508,14.346888542175293,195.0574951171875,22.46882438659668,14.9705228805542,124.6748046875,22.711780548095703,13.493585586547852,108.9525146484375,23.42159652709961,13.574040412902832,116.88858795166016,22.324617385864258,13.596895217895508,134.71368408203125,21.62750244140625,11.192798614501953
AGC_010,2602.4545454545455,0.45864443345503375,11.679719924926758,25.888519287109375,11.312884330749512,126.60689544677734,26.40804100036621,14.225541114807129,237.6761016845703,22.74112319946289,15.124446868896484,151.6535186767578,23.055788040161133,13.6774263381958,136.45851135253906,23.75454330444336,13.793819427490234,147.45968627929688,22.675418853759766,13.821392059326172,149.81637573242188,21.941648483276367,11.342263221740723
AGC_008,2617.0526315789475,2.642526726973684,11.679719924926758,25.888519287109375,11.312884330749512,126.60689544677734,26.40804100036621,14.225541114807129,237.6761016845703,22.74112319946289,15.124446868896484,151.6535186767578,23.055788040161133,13.6774263381958,136.45851135253906,23.75454330444336,13.793819427490234,147.45968627929688,22.675418853759766,13.821392059326172,149.81637573242188,21.941648483276367,11.342263221740723
AGC_154,2635.8,3.7992023468017577,11.679719924926758,25.888519287109375,11.312884330749512,126.60689544677734,26.40804100036621,14.225541114807129,237.6761016845703,22.74112319946289,15.124446868896484,151.6535186767578,23.055788040161133,13.6774263381958,136.45851135253906,23.75454330444336,13.793819427490234,147.45968627929688,22.675418853759766,13.821392059326172,149.81637573242188,21.941648483276367,11.342263221740723
AGC_012,2881.25,5.361179351806641,9.67740535736084,25.78634262084961,11.562744140625,103.76583099365234,26.257295608520508,14.346888542175293,195.0574951171875,22.46882438659668,14.9705228805542,124.6748046875,22.711780548095703,13.493585586547852,108.9525146484375,23.42159652709961,13.574040412902832,116.88858795166016,22.324617385864258,13.596895217895508,134.71368408203125,21.62750244140625,11.192798614501953
AGC_049,2863.25,6.880372047424316,9.67740535736084,25.78634262084961,11.562744140625,103.76583099365234,26.257295608520508,14.346888542175293,195.0574951171875,22.46882438659668,14.9705228805542,124.6748046875,22.711780548095703,13.493585586547852,108.9525146484375,23.42159652709961,13.574040412902832,116.88858795166016,22.324617385864258,13.596895217895508,134.71368408203125,21.62750244140625,11.192798614501953
AGC_090,2628.875,2.5188469886779785,11.679719924926758,25.888519287109375,11.312884330749512,126.60689544677734,26.40804100036621,14.225541114807129,237.6761016845703,22.74112319946289,15.124446868896484,151.6535186767578,23.055788040161133,13.6774263381958,136.45851135253906,23.75454330444336,13.793819427490234,147.45968627929688,22.675418853759766,13.821392059326172,149.81637573242188,21.941648483276367,11.342263221740723
AGC_131,2623.6,2.6737697601318358,11.679719924926758,25.888519287109375,11.312884330749512,126.60689544677734,26.40804100036621,14.225541114807129,237.6761016845703,22.74112319946289,15.124446868896484,151.6535186767578,23.055788040161133,13.6774263381958,136.45851135253906,23.75454330444336,13.793819427490234,147.45968627929688,22.675418853759766,13.821392059326172,149.81637573242188,21.941648483276367,11.342263221740723
AGC_022,2620.8125,1.1287015676498413,11.679719924926758,25.888519287109375,11.312884330749512,126.60689544677734,26.40804100036621,14.225541114807129,237.6761016845703,22.74112319946289,15.124446868896484,151.6535186767578,23.055788040161133,13.6774263381958,136.45851135253906,23.75454330444336,13.793819427490234,147.45968627929688,22.675418853759766,13.821392059326172,149.81637573242188,21.941648483276367,11.342263221740723
AGC_014,2602.785714285714,0.6761198043823242,11.715248107910156,25.876754760742188,11.107257843017578,122.17467498779297,26.358423233032227,14.061975479125977,237.16099548339844,22.70051383972168,15.002227783203125,146.52772521972656,23.01087188720703,13.518037796020508,130.84996032714844,23.700206756591797,13.645573616027832,144.12130737304688,22.632009506225586,13.699323654174805,143.2591552734375,21.909381866455078,11.20596981048584
AGC_016,2611.785714285714,0.5862361363002232,11.679719924926758,25.888519287109375,11.312884330749512,126.60689544677734,26.40804100036621,14.225541114807129,237.6761016845703,22.74112319946289,15.124446868896484,151.6535186767578,23.055788040161133,13.6774263381958,136.45851135253906,23.75454330444336,13.793819427490234,147.45968627929688,22.675418853759766,13.821392059326172,149.81637573242188,21.941648483276367,11.342263221740723
AGC_161,2733.875,6.303492069244385,9.67740535736084,25.78634262084961,11.562744140625,103.76583099365234,26.257295608520508,14.346888542175293,195.0574951171875,22.46882438659668,14.9705228805542,124.6748046875,22.711780548095703,13.493585586547852,108.9525146484375,23.42159652709961,13.574040412902832,116.88858795166016,22.324617385864258,13.596895217895508,134.71368408203125,21.62750244140625,11.192798614501953
AGC_069,2625.0,3.946505069732666,9.67740535736084,25.78634262084961,11.562744140625,103.76583099365234,26.257295608520508,14.346888542175293,195.0574951171875,22.46882438659668,14.9705228805542,124.6748046875,22.711780548095703,13.493585586547852,108.9525146484375,23.42159652709961,13.574040412902832,116.88858795166016,22.324617385864258,13.596895217895508,134.71368408203125,21.62750244140625,11.192798614501953
AGC_165,2903.3846153846152,2.391325437105619,9.67740535736084,25.78634262084961,11.562744140625,103.76583099365234,26.257295608520508,14.346888542175293,195.0574951171875,22.46882438659668,14.9705228805542,124.6748046875,22.711780548095703,13.493585586547852,108.9525146484375,23.42159652709961,13.574040412902832,116.88858795166016,22.324617385864258,13.596895217895508,134.71368408203125,21.62750244140625,11.192798614501953
AGC_021,2752.5,2.66538143157959,9.67740535736084,25.78634262084961,11.562744140625,103.76583099365234,26.257295608520508,14.346888542175293,195.0574951171875,22.46882438659668,14.9705228805542,124.6748046875,22.711780548095703,13.493585586547852,108.9525146484375,23.42159652709961,13.574040412902832,116.88858795166016,22.324617385864258,13.596895217895508,134.71368408203125,21.62750244140625,11.192798614501953
AGC_193,2630.8947368421054,1.5640571995785362,11.679719924926758,25.888519287109375,11.312884330749512,126.60689544677734,26.40804100036621,14.225541114807129,237.6761016845703,22.74112319946289,15.124446868896484,151.6535186767578,23.055788040161133,13.6774263381958,136.45851135253906,23.75454330444336,13.793819427490234,147.45968627929688,22.675418853759766,13.821392059326172,149.81637573242188,21.941648483276367,11.342263221740723
AGC_098,2698.9166666666665,3.299980799357096,23.04368782043457,26.08275032043457,9.261270523071289,196.23643493652344,25.510501861572266,12.582639694213867,360.6580810546875,22.285015106201172,13.630742073059082,207.62606811523438,22.56108856201172,11.78244686126709,166.0957489013672,22.9661808013916,12.016998291015625,331.6239929199219,22.31434440612793,12.329562187194824,75.6351089477539,21.726736068725586,9.568876266479492
AGC_187,2555.076923076923,0.8870727832500751,14.67236328125,26.218185424804688,9.388641357421875,157.26573181152344,26.006689071655273,12.813838005065918,216.9637908935547,22.88725471496582,14.308533668518066,112.65020751953125,23.278505325317383,12.634757041931152,104.73558807373047,23.791858673095703,12.918638229370117,157.4646453857422,23.057373046875,13.153816223144531,70.7253189086914,22.307405471801758,10.35520076751709
AGC_040,2532.6363636363635,1.0291357907381924,12.656301498413086,26.136123657226562,9.502965927124023,188.36996459960938,25.82256317138672,12.888823509216309,223.35414123535156,22.766448974609375,14.207723617553711,129.9128875732422,23.127605438232422,12.472909927368164,114.59435272216797,23.609947204589844,12.69591999053955,140.88279724121094,22.88686752319336,12.94642448425293,78.17564392089844,22.187639236450195,10.14586353302002
AGC_025,2538.5714285714284,0.8533453941345215,12.656301498413086,26.136123657226562,9.502965927124023,188.36996459960938,25.82256317138672,12.888823509216309,223.35414123535156,22.766448974609375,14.207723617553711,129.9128875732422,23.127605438232422,12.472909927368164,114.59435272216797,23.609947204589844,12.69591999053955,140.88279724121094,22.88686752319336,12.94642448425293,78.17564392089844,22.187639236450195,10.14586353302002
AGC_050,2601.125,3.0232229232788086,17.166942596435547,26.181116104125977,9.355607986450195,230.69461059570312,25.807546615600586,12.747188568115234,267.2244873046875,22.686243057250977,14.069746017456055,153.60711669921875,23.038158416748047,12.326961517333984,129.18540954589844,23.499614715576172,12.58841609954834,196.58642578125,22.803730010986328,12.859560012817383,79.99864959716797,22.124576568603516,10.069547653198242
AGC_039,2638.5454545454545,5.399666179310191,17.166942596435547,26.181116104125977,9.355607986450195,230.69461059570312,25.807546615600586,12.747188568115234,267.2244873046875,22.686243057250977,14.069746017456055,153.60711669921875,23.038158416748047,12.326961517333984,129.18540954589844,23.499614715576172,12.58841609954834,196.58642578125,22.803730010986328,12.859560012817383,79.99864959716797,22.124576568603516,10.069547653198242
AGC_099,2577.4,1.688155746459961,12.656301498413086,26.136123657226562,9.502965927124023,188.36996459960938,25.82256317138672,12.888823509216309,223.35414123535156,22.766448974609375,14.207723617553711,129.9128875732422,23.127605438232422,12.472909927368164,114.59435272216797,23.609947204589844,12.69591999053955,140.88279724121094,22.88686752319336,12.94642448425293,78.17564392089844,22.187639236450195,10.14586353302002
AGC_048,2560.866666666667,4.538285827636718,14.543800354003906,26.11336898803711,9.499317169189453,180.16358947753906,25.7095890045166,12.877153396606445,256.76751708984375,22.639690399169922,14.070802688598633,144.6975860595703,22.97587013244629,12.294266700744629,123.29754638671875,23.433155059814453,12.501585006713867,177.43350219726562,22.723562240600586,12.760736465454102,76.97139739990234,22.06174087524414,9.960981369018555
AGC_120,2617.5555555555557,5.969466315375434,16.431299209594727,26.090612411499023,9.495668411254883,171.95721435546875,25.596614837646484,12.865482330322266,290.180908203125,22.512929916381836,13.933880805969238,159.48228454589844,22.824134826660156,12.115623474121094,132.000732421875,23.25636100769043,12.307250022888184,213.98419189453125,22.560256958007812,12.57504940032959,75.76715087890625,21.93584442138672,9.776098251342773
AGC_112,2537.0,1.1524432789195667,12.656301498413086,26.136123657226562,9.502965927124023,188.36996459960938,25.82256317138672,12.888823509216309,223.35414123535156,22.766448974609375,14.207723617553711,129.9128875732422,23.127605438232422,12.472909927368164,114.59435272216797,23.609947204589844,12.69591999053955,140.88279724121094,22.88686752319336,12.94642448425293,78.17564392089844,22.187639236450195,10.14586353302002
AGC_138,2580.5833333333335,1.4937702814737956,12.656301498413086,26.136123657226562,9.502965927124023,188.36996459960938,25.82256317138672,12.888823509216309,223.35414123535156,22.766448974609375,14.207723617553711,129.9128875732422,23.127605438232422,12.472909927368164,114.59435272216797,23.609947204589844,12.69591999053955,140.88279724121094,22.88686752319336,12.94642448425293,78.17564392089844,22.187639236450195,10.14586353302002
AGC_029,2689.8,3.275823974609375,23.04368782043457,26.08275032043457,9.261270523071289,196.23643493652344,25.510501861572266,12.582639694213867,360.6580810546875,22.285015106201172,13.630742073059082,207.62606811523438,22.56108856201172,11.78244686126709,166.0957489013672,22.9661808013916,12.016998291015625,331.6239929199219,22.31434440612793,12.329562187194824,75.6351089477539,21.726736068725586,9.568876266479492
AGC_122,2710.6153846153848,5.528174180250901,23.418235778808594,26.09326934814453,9.158526420593262,211.518798828125,25.490758895874023,12.464536666870117,360.1429748535156,22.220638275146484,13.528753280639648,225.92007446289062,22.488712310791016,11.675008773803711,175.9695587158203,22.883047103881836,11.933825492858887,332.65533447265625,22.2501220703125,12.265544891357422,80.40379333496094,21.672637939453125,9.515715599060059
AGC_023,2503.4545454545455,1.6624282598495483,11.362746238708496,26.14719009399414,9.475807189941406,142.38894653320312,25.996479034423828,12.860145568847656,203.253173828125,22.911781311035156,14.373379707336426,110.98452758789062,23.30480194091797,12.703909873962402,101.51331329345703,23.83932876586914,12.960381507873535,131.1955108642578,23.08989143371582,13.19421100616455,70.22952270507812,22.32246971130371,10.398661613464355
AGC_004,2563.8333333333335,1.3483123779296875,12.656301498413086,26.136123657226562,9.502965927124023,188.36996459960938,25.82256317138672,12.888823509216309,223.35414123535156,22.766448974609375,14.207723617553711,129.9128875732422,23.127605438232422,12.472909927368164,114.59435272216797,23.609947204589844,12.69591999053955,140.88279724121094,22.88686752319336,12.94642448425293,78.17564392089844,22.187639236450195,10.14586353302002
AGC_144,2644.6923076923076,3.494211637056791,17.166942596435547,26.181116104125977,9.355607986450195,230.69461059570312,25.807546615600586,12.747188568115234,267.2244873046875,22.686243057250977,14.069746017456055,153.60711669921875,23.038158416748047,12.326961517333984,129.18540954589844,23.499614715576172,12.58841609954834,196.58642578125,22.803730010986328,12.859560012817383,79.99864959716797,22.124576568603516,10.069547653198242
AGC_147,2670.076923076923,4.180773514967698,18.19473648071289,26.225784301757812,9.207931518554688,232.7156524658203,25.79112434387207,12.604148864746094,289.79791259765625,22.608570098876953,13.93429946899414,170.63406372070312,22.950349807739258,12.182666778564453,144.9686279296875,23.391754150390625,12.483386039733887,223.24606323242188,22.721378326416016,12.773481369018555,83.24302673339844,22.059663772583008,9.991373062133789
AGC_075,2611.5714285714284,1.668886457170759,12.656301498413086,26.136123657226562,9.502965927124023,188.36996459960938,25.82256317138672,12.888823509216309,223.35414123535156,22.766448974609375,14.207723617553711,129.9128875732422,23.127605438232422,12.472909927368164,114.59435272216797,23.609947204589844,12.69591999053955,140.88279724121094,22.88686752319336,12.94642448425293,78.17564392089844,22.187639236450195,10.14586353302002
AGC_093,2617.5,1.8731160163879395,12.656301498413086,26.136123657226562,9.502965927124023,188.36996459960938,25.82256317138672,12.888823509216309,223.35414123535156,22.766448974609375,14.207723617553711,129.9128875732422,23.127605438232422,12.472909927368164,114.59435272216797,23.609947204589844,12.69591999053955,140.88279724121094,22.88686752319336,12.94642448425293,78.17564392089844,22.187639236450195,10.14586353302002
AGC_053,2588.8,1.6360997517903646,12.656301498413086,26.136123657226562,9.502965927124023,188.36996459960938,25.82256317138672,12.888823509216309,223.35414123535156,22.766448974609375,14.207723617553711,129.9128875732422,23.127605438232422,12.472909927368164,114.59435272216797,23.609947204589844,12.69591999053955,140.88279724121094,22.88686752319336,12.94642448425293,78.17564392089844,22.187639236450195,10.14586353302002
AGC_117,2584.090909090909,2.019438310102983,12.656301498413086,26.136123657226562,9.502965927124023,188.36996459960938,25.82256317138672,12.888823509216309,223.35414123535156,22.766448974609375,14.207723617553711,129.9128875732422,23.127605438232422,12.472909927368164,114.59435272216797,23.609947204589844,12.69591999053955,140.88279724121094,22.88686752319336,12.94642448425293,78.17564392089844,22.187639236450195,10.14586353302002
AGC_087,2649.818181818182,2.0689624439586294,16.431299209594727,26.090612411499023,9.495668411254883,171.95721435546875,25.596614837646484,12.865482330322266,290.180908203125,22.512929916381836,13.933880805969238,159.48228454589844,22.824134826660156,12.115623474121094,132.000732421875,23.25636100769043,12.307250022888184,213.98419189453125,22.560256958007812,12.57504940032959,75.76715087890625,21.93584442138672,9.776098251342773
AGC_054,2644.1428571428573,1.941031047276088,16.431299209594727,26.090612411499023,9.495668411254883,171.95721435546875,25.596614837646484,12.865482330322266,290.180908203125,22.512929916381836,13.933880805969238,159.48228454589844,22.824134826660156,12.115623474121094,132.000732421875,23.25636100769043,12.307250022888184,213.98419189453125,22.560256958007812,12.57504940032959,75.76715087890625,21.93584442138672,9.776098251342773
AGC_145,2674.6428571428573,2.129472323826381,20.105316162109375,26.131933212280273,9.308439254760742,213.46551513671875,25.65902328491211,12.66491413116455,313.9412841796875,22.48563003540039,13.850244522094727,180.61659240722656,22.799623489379883,12.054704666137695,147.6405792236328,23.232898712158203,12.30270767211914,264.105224609375,22.559036254882812,12.594560623168945,77.81687927246094,21.925655364990234,9.819211959838867
AGC_123,2692.4,1.9669751485188802,19.468454996744793,26.16321563720703,9.27493667602539,219.88224283854166,25.70305887858073,12.644658406575521,305.89349365234375,22.526611328125,13.878262837727865,177.2890828450521,22.84986623128255,12.097358703613281,146.74993896484375,23.285850524902344,12.362932840983072,250.4854939778646,22.61315155029297,12.65420150756836,79.62559000651042,21.970326741536457,9.876598993937174
AGC_170,2501.2727272727275,1.3634185791015625,11.362746238708496,26.14719009399414,9.475807189941406,142.38894653320312,25.996479034423828,12.860145568847656,203.253173828125,22.911781311035156,14.373379707336426,110.98452758789062,23.30480194091797,12.703909873962402,101.51331329345703,23.83932876586914,12.960381507873535,131.1955108642578,23.08989143371582,13.19421100616455,70.22952270507812,22.32246971130371,10.398661613464355
AGC_086,2546.6,1.2201712608337403,12.656301498413086,26.136123657226562,9.502965927124023,188.36996459960938,25.82256317138672,12.888823509216309,223.35414123535156,22.766448974609375,14.207723617553711,129.9128875732422,23.127605438232422,12.472909927368164,114.59435272216797,23.609947204589844,12.69591999053955,140.88279724121094,22.88686752319336,12.94642448425293,78.17564392089844,22.187639236450195,10.14586353302002
AGC_183,2579.285714285714,1.561546734401158,14.911622047424316,26.158618927001953,9.42928695678711,209.53228759765625,25.81505584716797,12.81800651550293,245.289306640625,22.72634506225586,14.138734817504883,141.760009765625,23.082881927490234,12.399935722351074,121.88987731933594,23.554780960083008,12.642168045043945,168.734619140625,22.845298767089844,12.902992248535156,79.08714294433594,22.156108856201172,10.107706069946289
AGC_164,2497.2,0.8279548287391663,11.362746238708496,26.14719009399414,9.475807189941406,142.38894653320312,25.996479034423828,12.860145568847656,203.253173828125,22.911781311035156,14.373379707336426,110.98452758789062,23.30480194091797,12.703909873962402,101.51331329345703,23.83932876586914,12.960381507873535,131.1955108642578,23.08989143371582,13.19421100616455,70.22952270507812,22.32246971130371,10.398661613464355
AGC_173,2567.125,1.2571662664413452,17.166942596435547,26.181116104125977,9.355607986450195,230.69461059570312,25.807546615600586,12.747188568115234,267.2244873046875,22.686243057250977,14.069746017456055,153.60711669921875,23.038158416748047,12.326961517333984,129.18540954589844,23.499614715576172,12.58841609954834,196.58642578125,22.803730010986328,12.859560012817383,79.99864959716797,22.124576568603516,10.069547653198242
AGC_027,2608.5333333333333,1.4980499267578125,12.656301498413086,26.136123657226562,9.502965927124023,188.36996459960938,25.82256317138672,12.888823509216309,223.35414123535156,22.766448974609375,14.207723617553711,129.9128875732422,23.127605438232422,12.472909927368164,114.59435272216797,23.609947204589844,12.69591999053955,140.88279724121094,22.88686752319336,12.94642448425293,78.17564392089844,22.187639236450195,10.14586353302002
AGC_169,2529.3333333333335,1.114336887995402,12.656301498413086,26.136123657226562,9.502965927124023,188.36996459960938,25.82256317138672,12.888823509216309,223.35414123535156,22.766448974609375,14.207723617553711,129.9128875732422,23.127605438232422,12.472909927368164,114.59435272216797,23.609947204589844,12.69591999053955,140.88279724121094,22.88686752319336,12.94642448425293,78.17564392089844,22.187639236450195,10.14586353302002
AGC_163,2612.4,1.8082120895385743,14.911622047424316,26.158618927001953,9.42928695678711,209.53228759765625,25.81505584716797,12.81800651550293,245.289306640625,22.72634506225586,14.138734817504883,141.760009765625,23.082881927490234,12.399935722351074,121.88987731933594,23.554780960083008,12.642168045043945,168.734619140625,22.845298767089844,12.902992248535156,79.08714294433594,22.156108856201172,10.107706069946289
AGC_157,2617.25,1.891340970993042,14.911622047424316,26.158618927001953,9.42928695678711,209.53228759765625,25.81505584716797,12.81800651550293,245.289306640625,22.72634506225586,14.138734817504883,141.760009765625,23.082881927490234,12.399935722351074,121.88987731933594,23.554780960083008,12.642168045043945,168.734619140625,22.845298767089844,12.902992248535156,79.08714294433594,22.156108856201172,10.107706069946289
AGC_141,2621.0,1.8690227932400174,14.911622047424316,26.158618927001953,9.42928695678711,209.53228759765625,25.81505584716797,12.81800651550293,245.289306640625,22.72634506225586,14.138734817504883,141.760009765625,23.082881927490234,12.399935722351074,121.88987731933594,23.554780960083008,12.642168045043945,168.734619140625,22.845298767089844,12.902992248535156,79.08714294433594,22.156108856201172,10.107706069946289
AGC_061,2779.8571428571427,5.003995622907366,23.792781829833984,26.103790283203125,9.055782318115234,226.80117797851562,25.47101593017578,12.346433639526367,359.62786865234375,22.15626335144043,13.426764488220215,244.2140655517578,22.416336059570312,11.567569732666016,185.84336853027344,22.79991340637207,11.850652694702148,333.6866760253906,22.18589973449707,12.201528549194336,85.1724853515625,21.61853790283203,9.462554931640625
AGC_066,2513.3571428571427,1.5199860164097376,12.009523391723633,26.14165687561035,9.489386558532715,165.37945556640625,25.909521102905273,12.87448501586914,213.30364990234375,22.839115142822266,14.290552139282227,120.4487075805664,23.216203689575195,12.588409423828125,108.0538330078125,23.724637985229492,12.828150749206543,136.03915405273438,22.988380432128906,13.070318222045898,74.20258331298828,22.255054473876953,10.272262573242188
AGC_068,2522.125,1.5478132963180542,12.656301498413086,26.136123657226562,9.502965927124023,188.36996459960938,25.82256317138672,12.888823509216309,223.35414123535156,22.766448974609375,14.207723617553711,129.9128875732422,23.127605438232422,12.472909927368164,114.59435272216797,23.609947204589844,12.69591999053955,140.88279724121094,22.88686752319336,12.94642448425293,78.17564392089844,22.187639236450195,10.14586353302002
AGC_071,2611.0,1.8317146301269531,12.656301498413086,26.136123657226562,9.502965927124023,188.36996459960938,25.82256317138672,12.888823509216309,223.35414123535156,22.766448974609375,14.207723617553711,129.9128875732422,23.127605438232422,12.472909927368164,114.59435272216797,23.609947204589844,12.69591999053955,140.88279724121094,22.88686752319336,12.94642448425293,78.17564392089844,22.187639236450195,10.14586353302002
AGC_037,2614.1428571428573,1.8156471252441406,12.656301498413086,26.136123657226562,9.502965927124023,188.36996459960938,25.82256317138672,12.888823509216309,223.35414123535156,22.766448974609375,14.207723617553711,129.9128875732422,23.127605438232422,12.472909927368164,114.59435272216797,23.609947204589844,12.69591999053955,140.88279724121094,22.88686752319336,12.94642448425293,78.17564392089844,22.187639236450195,10.14586353302002
AGC_058,2620.5,2.0270450909932456,12.656301498413086,26.136123657226562,9.502965927124023,188.36996459960938,25.82256317138672,12.888823509216309,223.35414123535156,22.766448974609375,14.207723617553711,129.9128875732422,23.127605438232422,12.472909927368164,114.59435272216797,23.609947204589844,12.69591999053955,140.88279724121094,22.88686752319336,12.94642448425293,78.17564392089844,22.187639236450195,10.14586353302002
AGC_114,2678.0833333333335,2.5375585556030273,17.166942596435547,26.181116104125977,9.355607986450195,230.69461059570312,25.807546615600586,12.747188568115234,267.2244873046875,22.686243057250977,14.069746017456055,153.60711669921875,23.038158416748047,12.326961517333984,129.18540954589844,23.499614715576172,12.58841609954834,196.58642578125,22.803730010986328,12.859560012817383,79.99864959716797,22.124576568603516,10.069547653198242
AGC_074,2807.5882352941176,4.8502062629250915,23.792781829833984,26.103790283203125,9.055782318115234,226.80117797851562,25.47101593017578,12.346433639526367,359.62786865234375,22.15626335144043,13.426764488220215,244.2140655517578,22.416336059570312,11.567569732666016,185.84336853027344,22.79991340637207,11.850652694702148,333.6866760253906,22.18589973449707,12.201528549194336,85.1724853515625,21.61853790283203,9.462554931640625
AGC_019,2584.9,2.639902877807617,17.166942596435547,26.181116104125977,9.355607986450195,230.69461059570312,25.807546615600586,12.747188568115234,267.2244873046875,22.686243057250977,14.069746017456055,153.60711669921875,23.038158416748047,12.326961517333984,129.18540954589844,23.499614715576172,12.58841609954834,196.58642578125,22.803730010986328,12.859560012817383,79.99864959716797,22.124576568603516,10.069547653198242
AGC_103,2581.285714285714,4.109772273472378,17.166942596435547,26.181116104125977,9.355607986450195,230.69461059570312,25.807546615600586,12.747188568115234,267.2244873046875,22.686243057250977,14.069746017456055,153.60711669921875,23.038158416748047,12.326961517333984,129.18540954589844,23.499614715576172,12.58841609954834,196.58642578125,22.803730010986328,12.859560012817383,79.99864959716797,22.124576568603516,10.069547653198242
AGC_046,2653.090909090909,1.7787628173828125,17.166942596435547,26.181116104125977,9.355607986450195,230.69461059570312,25.807546615600586,12.747188568115234,267.2244873046875,22.686243057250977,14.069746017456055,153.60711669921875,23.038158416748047,12.326961517333984,129.18540954589844,23.499614715576172,12.58841609954834,196.58642578125,22.803730010986328,12.859560012817383,79.99864959716797,22.124576568603516,10.069547653198242
AGC_001,2709.0,2.9944416926457333,23.04368782043457,26.08275032043457,9.261270523071289,196.23643493652344,25.510501861572266,12.582639694213867,360.6580810546875,22.285015106201172,13.630742073059082,207.62606811523438,22.56108856201172,11.78244686126709,166.0957489013672,22.9661808013916,12.016998291015625,331.6239929199219,22.31434440612793,12.329562187194824,75.6351089477539,21.726736068725586,9.568876266479492
